date,Theresa May twitter pro,Theresa May user pro,Theresa May twitter con,Theresa May user con,Jeremy Corbyn twitter pro,Jeremy Corbyn user pro,Jeremy Corbyn twitter con,Jeremy Corbyn user con,Nicola Sturgeon twitter pro,Nicola Sturgeon user pro,Nicola Sturgeon twitter con,Nicola Sturgeon user con,Tim Farron twitter pro,Tim Farron user pro,Tim Farron twitter con,Tim Farron user con,Arlene Foster twitter pro,Arlene Foster user pro,Arlene Foster twitter con,Arlene Foster user con,Gerry Adams twitter pro,Gerry Adams user pro,Gerry Adams twitter con,Gerry Adams user con,Leanne Wood twitter pro,Leanne Wood user pro,Leanne Wood twitter con,Leanne Wood user con,Jonathan Bartley Caroline Lucas twitter pro,Jonathan Bartley Caroline Lucas user pro,Jonathan Bartley Caroline Lucas twitter con,Jonathan Bartley Caroline Lucas user con,John Bercow twitter pro,John Bercow user pro,John Bercow twitter con,John Bercow user con,Sylvia Hermon twitter pro,Sylvia Hermon user pro,Sylvia Hermon twitter con,Sylvia Hermon user con,Theresa May polling,Jeremy Corbyn polling,Nicola Sturgeon polling,Tim Farron polling,Arlene Foster polling,Gerry Adams polling,Leanne Wood polling,Jonathan Bartley Caroline Lucas polling,John Bercow polling,Sylvia Hermon polling
9/1/16,11,11,13,13,24,24,15,15,0,0,0,0,0,0,1,1,0,0,0,0,1,1,0,0,0,0,1,1,0,0,0,0,0,0,0,0,0,0,0,0,0.4,0.29,0.07,0.07,0,0,0,0.03,0,0
9/2/16,42,41,91,86.5,71,70,75,72.5,29,29,40,39,2,2,1,1,0,0,0,0,0,0,0,0,0,0,0,0,0,0,0,0,0,0,0,0,0,0,0,0,0.4,0.29,0.07,0.07,0,0,0,0.03,0,0
9/3/16,206,190.7,328,305.2833333,407,361.1,177,162.9166667,38,36.5,55,51.25,4,3.25,1,1,1,1,0,0,1,1,0,0,1,1,0,0,0,0,0,0,0,0,1,1,0,0,0,0,0.4,0.29,0.07,0.07,0,0,0,0.03,0,0
9/4/16,25,24,53,52,16,16,2,2,1,1,7,7,0,0,0,0,0,0,0,0,0,0,0,0,0,0,0,0,0,0,0,0,0,0,0,0,0,0,0,0,0.4,0.29,0.07,0.07,0,0,0,0.03,0,0
9/5/16,33.5,33.5,18,16.5,15,15,8,7,1.5,1,5,5,0,0,0,0,0,0,1,1,0,0,0,0,0,0,0,0,0,0,0,0,0,0,0,0,0,0,0,0,0.4,0.29,0.07,0.07,0,0,0,0.03,0,0
9/6/16,229,217,386,344.1666667,398.5,363.4309524,290.5,259.3309524,72,66.45238095,67,62.33333333,5,2.285714286,2,2,0,0,0,0,2,2,3,3,0,0,0,0,0,0,0,0,0,0,0,0,0,0,0,0,0.4,0.29,0.07,0.07,0,0,0,0.03,0,0
9/7/16,260,242.5,405.5,353.1666667,238,212.5,219,192.5833333,31,31,41,37.75,4,3,8,8,0,0,0,0,1,1,1,1,0,0,0,0,0,0,0,0,0,0,2.5,1.5,0,0,0,0,0.4,0.29,0.07,0.07,0,0,0,0.03,0,0
9/8/16,473.5,445.2,441,398.3666667,473,410.7166667,330.5,297.2166667,50,47.33333333,53.5,48.91666667,5,5,4.5,4.25,0,0,0,0,2,2,3,3,1,1,0,0,0,0,0,0,2,2,1,1,0,0,0,0,0.4,0.29,0.07,0.07,0,0,0,0.03,0,0
9/9/16,348,324.6666667,336.5,320,146.5,142,110,104,19,18.33333333,9,9,5,5,0,0,0,0,0,0,0,0,0,0,0,0,0,0,0,0,0,0,0,0,0,0,0,0,0,0,0.41,0.27,0.05,0.08,0.005,0.005,0,0.04,0.005,0.005
9/10/16,226.5,214,294,274.6666667,144.5,126.8333333,106,100.5833333,25,24.33333333,5,4.75,4,4,3,3,1,1,0,0,0,0,1,1,1,1,1,1,0,0,0,0,12,9.166666667,6,3.666666667,0,0,0,0,0.4,0.34,0.04,0.06,0.0025,0.0025,0,0.05,0.0025,0.0025
9/11/16,163,154.4166667,327.5,295.6666667,266.5,236.8333333,238.5,222.25,9,9,13,12.33333333,3.5,3.5,0,0,1,1,2,2,8,8,1,1,0,0,0,0,0,0,0,0,13,10.5,36,32.5,0,0,0,0,0.4,0.34,0.04,0.06,0.0025,0.0025,0,0.05,0.0025,0.0025
9/12/16,234.5,217.0857143,266,253.1285714,273.5,240.75,392,349.0357143,20,19.5,16,16,3,3,9,8,0,0,3,3,2,2,1,1,3,3,1,1,0,0,0,0,8,7.5,4,4,0,0,0,0,0.4,0.34,0.04,0.06,0.0025,0.0025,0,0.05,0.0025,0.0025
9/13/16,258,251.1666667,228.5,217.3333333,207,178.9,272,245.6,15,14.5,23.5,23.5,2,2,2,2,0,0,0,0,0,0,3,3,0,0,1,1,0,0,0,0,5,5,2,2,0,0,0,0,0.38,0.31,0.06,0.07,0,0,0,0.04,0,0
9/14/16,582,536.0038462,591,522.3570513,566.5,482.7666667,336.5,292.1416667,17,15.07692308,77,65.65384615,9,8.5,3,3,1,1,2,2,2,2,0,0,0,0,1,1,0,0,0,0,11,10.5,2,2,0,0,0,0,0.38,0.31,0.06,0.07,0,0,0,0.04,0,0
9/15/16,401,368.5166667,280.5,259,321,290.2833333,317.5,280.0833333,118,108.9166667,64,51.2,22,19.66666667,2,2,1,1,0,0,7,7,6,6,2,2,0,0,0,0,0,0,5,5,2,1.333333333,0,0,0,0,0.38,0.31,0.06,0.07,0,0,0,0.04,0,0
9/16/16,196,186.5,230,214.8333333,259,236.5,200.5,177.6666667,53,53,31,19.92307692,32,29.07692308,3.5,3.5,0,0,0,0,4,4,3,3,0,0,0,0,0,0,0,0,2,1.5,4,3.5,0,0,0,0,0.38,0.31,0.06,0.07,0,0,0,0.04,0,0
9/17/16,146,137.5,207.5,194.1666667,309,274.5,275,248.5,45,43.16666667,68.5,59.66666667,48,40.91666667,47,44.58333333,1,1,0,0,3,3,1,1,0,0,0,0,0,0,0,0,1,1,0,0,0,0,0,0,0.38,0.31,0.06,0.07,0,0,0,0.04,0,0
9/18/16,120.5,101.5166667,313,280.5833333,424,370.6166667,392.5,339.9333333,52.5,48.95,45.5,40.61666667,53,45.95,153,136.8333333,10,1,0,0,4,3.5,1,0.5,1,1,0,0,0,0,0,0,1,1,2,2,0,0,0,0,0.38,0.31,0.06,0.07,0,0,0,0.04,0,0
9/19/16,269,242.25,464.5,426.1111111,442,409.4833333,311.5,275.0166667,11,9.333333333,32,27.5,69,67,60,54.30555556,4,4,1,1,1,1,1,1,0,0,0,0,0,0,0,0,1,1,0,0,0,0,0,0,0.39,0.3,0.06,0.08,0.0025,0.0025,0,0.03,0.0025,0.0025
9/20/16,306.3333333,272.3762821,493,446.8653846,424.3333333,380.425,242.5,208.9833333,26.5,26.5,24.5,21.45,410.8333333,360.5666667,276,236.8333333,1,1,0,0,1,1,9,9,0,0,0,0,0,0,0,0,0,0,0,0,0,0,0,0,0.39,0.28,0.05,0.08,0.005,0.005,0,0.05,0.005,0.005
9/21/16,192.5,184.6666667,307,292.9166667,352.5,321.4333333,200.5,174.6666667,20.5,20,19,18,73.5,65.5,48.5,47,3,3,0,0,43,38.83333333,208,191.9833333,0,0,0,0,0,0,0,0,0,0,1,1,0,0,0,0,0.41,0.26,0.05,0.08,0.005,0.005,0,0.04,0.005,0.005
9/22/16,179,162.5178571,206,180.5238095,335.5,296.25,379.5,342.75,54.5,50.54166667,54.5,45.08333333,21,20.33333333,14,13.16666667,1,1,0,0,5,4,28,25.83333333,0,0,0,0,0,0,0,0,0,0,0,0,0,0,0,0,0.41,0.26,0.05,0.08,0.005,0.005,0,0.04,0.005,0.005
9/23/16,213.5,204.1666667,462.5,436.2,342,301.697619,425,373.7690476,25.5,24.16666667,18.5,17.83333333,16,13.66666667,6,4.5,0,0,1,1,4,4,8,8,1,1,1,1,0,0,0,0,0,0,0,0,0,0,0,0,0.41,0.26,0.05,0.08,0.005,0.005,0,0.04,0.005,0.005
9/24/16,273,251.4460317,281,252.6130952,3762,3334.196032,937.5,822.2035714,23,18.33333333,26,22.65833333,35,27.91666667,12,11.375,1,1,0,0,26.5,23.25793651,22,22,0,0,4,4,0,0,0,0,0,0,0,0,0,0,0,0,0.41,0.26,0.05,0.08,0.005,0.005,0,0.04,0.005,0.005
9/25/16,142.5,124.2222222,365,317.8333333,1083.5,957.7388889,797.5,701.9166667,39,30.08888889,8,6.366666667,19,18,10,8.333333333,1,1,0,0,17,15,36.5,34.5,0,0,1,1,0,0,0,0,0,0,0,0,0,0,0,0,0.41,0.26,0.05,0.08,0.005,0.005,0,0.04,0.005,0.005
9/26/16,46,42.92857143,97.5,93,207.5,200.9166667,177.5,164.6547619,5,4.5,1,1,2,2,8,7.5,0,0,0,0,1.5,1.5,3,3,0,0,1,1,0,0,0,0,0,0,0,0,0,0,0,0,0.41,0.26,0.05,0.08,0.005,0.005,0,0.04,0.005,0.005
9/27/16,0,0,0,0,0,0,0,0,0,0,0,0,0,0,0,0,0,0,0,0,0,0,0,0,0,0,0,0,0,0,0,0,0,0,0,0,0,0,0,0,0.41,0.26,0.05,0.08,0.005,0.005,0,0.04,0.005,0.005
9/28/16,0,0,0,0,0,0,0,0,0,0,0,0,0,0,0,0,0,0,0,0,0,0,0,0,0,0,0,0,0,0,0,0,0,0,0,0,0,0,0,0,0.39,0.3,0.06,0.08,0,0,0,0.03,0,0
9/29/16,83.83333333,77.66666667,115.5,111.4166667,82.83333333,76.83333333,68.5,66.75,7,7,19,19,1.333333333,1.333333333,0,0,0,0,0,0,1,1,3,3,0,0,0,0,0,0,0,0,0,0,0,0,0,0,0,0,0.39,0.3,0.06,0.08,0,0,0,0.03,0,0
9/30/16,373,340.4583333,301.5,274.9583333,181.5,170.7666667,138.5,127.15,12.5,12.125,17,15.54166667,3,3,2,2,0,0,0,0,6,6,9,9,0,0,0,0,0,0,0,0,1,1,0,0,0,0,0,0,0.39,0.3,0.06,0.08,0,0,0,0.03,0,0
10/1/16,404,362.35,414,376.4277778,122,112.8611111,86.5,79.58333333,7,7,17,14.77777778,14,13.5,7,4.5,1,1,0,0,1,0.5,6.5,6.5,0,0,0,0,0,0,0,0,0,0,0,0,0,0,0,0,0.39,0.3,0.06,0.08,0,0,0,0.03,0,0
10/2/16,1302.5,1184.694444,1310,1161.013889,197,172.6666667,133,118.8333333,19,16.33333333,43,39.79166667,20.5,18.83333333,11,9.833333333,1,1,0,0,0,0,5,5,0,0,0,0,0,0,0,0,0,0,0,0,0,0,0,0,0.39,0.3,0.06,0.08,0,0,0,0.03,0,0
10/3/16,829.5,756.7166667,837,755.6666667,150.5,127.9166667,104,89.58333333,21.5,19,39,33.86666667,7,7,6.5,5.75,7,7,0,0,0,0,1,1,0,0,0,0,0,0,0,0,0,0,1,0.5,0,0,0,0,0.39,0.3,0.06,0.08,0,0,0,0.03,0,0
10/4/16,762.5,699.7714286,957,857.6952381,161.5,148.6166667,115.5,106.9166667,59,53.83333333,26.5,26,3,3,8,6.166666667,7,7,6,6,1,1,6,5,0,0,0,0,0,0,0,0,0,0,0,0,0,0,0,0,0.39,0.3,0.06,0.08,0,0,0,0.03,0,0
10/5/16,2533,2195.089286,2786.5,2386.228571,233.5,194.5690476,364,286.6130952,28.5,24.83333333,47,39.33333333,4,3.5,2,1.333333333,1,1,5,5,1,1,0.5,0.5,6,5.5,5,4.5,0,0,0,0,0,0,0,0,0,0,0,0,0.39,0.3,0.06,0.08,0,0,0,0.03,0,0
10/6/16,968,884.375,1295,1172.758333,221.5,199.3583333,432.5,385.5583333,71,67.08333333,117,108.5833333,13,12.25,3,3,4,4,3.5,3.5,7,7,0,0,60.5,55.03333333,15,13.5,0,0,0,0,2,2,0,0,0,0,0,0,0.39,0.3,0.06,0.08,0,0,0,0.03,0,0
10/7/16,308.5,294,470.5,454.3333333,232,215.8333333,276,265.8333333,54.5,52.5,27.5,26.5,9,9,6,5.5,0,0,0,0,2,2,2,2,15,13.5,10,8,0,0,0,0,0,0,0,0,0,0,0,0,0.43,0.26,0.04,0.08,0.005,0.005,0,0.06,0.005,0.005
10/8/16,404,380.5,642.5,588.2666667,451.5,422.2,286,262.5,43.5,41.83333333,13.5,12.7,5,4,2,2,0,0,4,4,0,0,2,2,3,3,1,1,0,0,0,0,0,0,0,0,0,0,0,0,0.43,0.26,0.04,0.08,0.005,0.005,0,0.06,0.005,0.005
10/9/16,251,237.7857143,482,447.2261905,157,144.6666667,327,299.8214286,20,20,9,9,35,33,35,35,0,0,7,6.5,1,1,2,2,1,1,2,2,0,0,0,0,0,0,0,0,0,0,0,0,0.43,0.26,0.04,0.08,0.005,0.005,0,0.06,0.005,0.005
10/10/16,244,230.6666667,495,459.9166667,149.5,136.6666667,203,188.9166667,11.5,11,26.5,21.5,7,6.333333333,3.5,3.5,1,1,1,1,0,0,0,0,0,0,0,0,0,0,0,0,2,1.5,0,0,0,0,0,0,0.43,0.26,0.04,0.08,0.005,0.005,0,0.06,0.005,0.005
10/11/16,183.5,170.7833333,342.5,322.1,75.5,69.2,160.5,152.1666667,18.5,17.58333333,13,13,8.5,7.166666667,31,27,0,0,0,0,1,1,1,1,0,0,0,0,0,0,0,0,5,3.666666667,6,5.333333333,0,0,0,0,0.42,0.28,0.06,0.09,0,0,0,0.03,0,0
10/12/16,579,515.1166667,989.5,894.9583333,317,274.6333333,293,253.4583333,9,8,35,32.5,25.5,25.5,45.5,39.75,0,0,2,2,6,6,2,2,0,0,0,0,0,0,0,0,2,0.833333333,4.5,4.25,0,0,0,0,0.42,0.28,0.06,0.09,0,0,0,0.03,0,0
10/13/16,390,360.2492063,477,441.3174603,178.5,160.9166667,109.5,99.27777778,402.5,375.9722222,289.5,260.0166667,2,2,15.5,14.75,1,1,0,0,2,2,2,2,1,1,0,0,0,0,0,0,2,2,0.5,0.5,0,0,0,0,0.42,0.28,0.06,0.09,0,0,0,0.03,0,0
10/14/16,282,270.1666667,591.5,532.5333333,76,67.58333333,132.5,125.5,252.5,237.1666667,349,322.55,2,2,0.5,0.5,1,1,0,0,1,1,4,4,3,3,0,0,0,0,0,0,4,4,0,0,0,0,0,0,0.47,0.29,0.06,0.07,0.0025,0.0025,0,0.04,0.0025,0.0025
10/15/16,256.5,241,901.5,843.4416667,132.8333333,117.9,48,44.16666667,231.3333333,210.0333333,222.5,200.125,3,3,0,0,0,0,0,0,0,0,2,2,0.333333333,0.333333333,0,0,0,0,0,0,0,0,0,0,0,0,0,0,0.47,0.29,0.06,0.07,0.0025,0.0025,0,0.04,0.0025,0.0025
10/16/16,309,287.75,546,486.4166667,208,184.4166667,371,333.75,145,135.5,187,170.1666667,5,4,1,1,0,0,0,0,3,3,1,1,0,0,0,0,0,0,0,0,0,0,0,0,0,0,0,0,0.47,0.29,0.06,0.07,0.0025,0.0025,0,0.04,0.0025,0.0025
10/17/16,276,250.7002165,336,315.7640693,135,120.5357143,214.5,201.7261905,38,34.83333333,59.5,55.72619048,8,7.071428571,7,6.142857143,0,0,0,0,1,1,1,1,3,3,0,0,0,0,0,0,2,1.5,0,0,0,0,0,0,0.47,0.29,0.06,0.07,0.0025,0.0025,0,0.04,0.0025,0.0025
10/18/16,204,195.75,347,318.1666667,72.5,67.16666667,111.5,106.9166667,52,51.5,23.5,23.5,8.5,8.5,4,3.5,0,0,0,0,2,2,1,1,0,0,0,0,0,0,0,0,0,0,0,0,0,0,0,0,0.47,0.29,0.06,0.07,0.0025,0.0025,0,0.04,0.0025,0.0025
10/19/16,473.5,429.4343137,745,641.6073529,143,125.1666667,98,89.45833333,25.5,25,12,11.5,20.5,19.33333333,9,7,0,0,0,0,1,1,1,0.5,0,0,1,1,0,0,0,0,4.5,4,1,1,0,0,0,0,0.42,0.26,0.06,0.08,0.0025,0.0025,0,0.05,0.0025,0.0025
10/20/16,341,317.25,550.5,508.3333333,79,74.75,56.5,54.5,38.5,37.33333333,37,34.33333333,8,8,3,3,0,0,0,0,6,6,1,1,2,2,0,0,0,0,0,0,3.5,3.5,0,0,0,0,0,0,0.42,0.26,0.06,0.08,0.0025,0.0025,0,0.05,0.0025,0.0025
10/21/16,348.5,316.327193,626.5,571.8894737,62,52.61666667,32,30.25,39.5,34.08333333,46.5,43.5,26,24.83333333,7,6,0,0,0,0,7,7,1,1,2,2,4,3.5,0,0,0,0,3,3,0,0,0,0,0,0,0.42,0.26,0.06,0.08,0.0025,0.0025,0,0.05,0.0025,0.0025
10/22/16,298,290.5,318,289.372807,79,76,64,61.33333333,27,23.83333333,22,19.5,4,4,0,0,0,0,0,0,5,5,1,1,128,117.627193,19,16.83333333,0,0,0,0,0,0,0,0,0,0,0,0,0.42,0.26,0.06,0.08,0.0025,0.0025,0,0.05,0.0025,0.0025
10/23/16,697,674.8333333,332.5,308,44,38.66666667,36,34.33333333,187,175.0833333,35,33.58333333,6,6,2.5,2.5,0,0,0,0,2,2,0,0,8,7,2,2,0,0,0,0,2,2,0,0,0,0,0,0,0.42,0.26,0.06,0.08,0.0025,0.0025,0,0.05,0.0025,0.0025
10/24/16,329.3333333,307.8611111,511,464.8888889,47,44.33333333,60,55.5,182.6666667,171.5833333,297,269.9166667,29,25.83333333,26,22.75,1,1,0,0,1,1,3,3,3,2.333333333,0,0,0,0,0,0,0,0,0,0,0,0,0,0,0.4,0.27,0.07,0.11,0.0025,0.0025,0,0.03,0.0025,0.0025
10/25/16,423,395.5277778,823,771.9166667,81,78.75,55.5,52.08333333,73.5,67.41666667,99,90.19444444,7,6.5,9,7.611111111,2,2,0,0,1,1,1,1,1,1,0,0,0,0,0,0,5,5,0,0,0,0,0,0,0.4,0.27,0.07,0.11,0.0025,0.0025,0,0.03,0.0025,0.0025
10/26/16,615.5,542.3553571,1389,1201.410119,180.5,154.4886905,140.5,120.5541667,35,32.625,59.5,55.86666667,14,13.2,14,13,1,1,2,2,4,2,0,0,0,0,1,1,0,0,0,0,4,3.5,0,0,0,0,1,1,0.4,0.27,0.07,0.11,0.0025,0.0025,0,0.03,0.0025,0.0025
10/27/16,416,355.3076923,471,439.0544872,96.5,92.33333333,68.5,59.87179487,25.5,24,45.5,39.43269231,10,9.5,2,1.5,9,8,18,17,3,3,1,1,2,2,1,1,0,0,0,0,2,2,2,2,0,0,0,0,0.4,0.27,0.07,0.11,0.0025,0.0025,0,0.03,0.0025,0.0025
10/28/16,141.5,137.5,164,157.5,50.5,48.83333333,71,67.16666667,31.5,31.5,28,28,6.5,6,3,3,22,21,25,24.5,0,0,0,0,1,1,0,0,0,0,0,0,0,0,0,0,0,0,0,0,0.43,0.27,0.04,0.08,0.0025,0.0025,0,0.05,0.0025,0.0025
10/29/16,152,143.1666667,179,167.8070175,64,60.33333333,166,162.75,16,14.5,64,62.5,3,1.833333333,1,1,70,59.25438596,52,47.35526316,1,1,0,0,0,0,2,1.5,0,0,0,0,0,0,0,0,0,0,0,0,0.43,0.27,0.04,0.08,0.0025,0.0025,0,0.05,0.0025,0.0025
10/30/16,245,230.7222222,603,577.5833333,73,69.75,57,53.5,7,7,63,61.5,2,2,0,0,16,12.44444444,21,19.5,2,2,1,1,0,0,0,0,0,0,0,0,0,0,0,0,0,0,0,0,0.43,0.27,0.04,0.08,0.0025,0.0025,0,0.05,0.0025,0.0025
10/31/16,282,264.0833333,615.5,584.6666667,41,35.75,78,74.5,19,18.5,13.5,13,1,1,2,2,4,4,9,8,0,0,2,2,1,1,1,0.5,0,0,0,0,2,2,0,0,0,0,0,0,0.41,0.27,0.06,0.1,0.0025,0.0025,0,0.04,0.0025,0.0025
11/1/16,290,277.1666667,438,424.3333333,49.5,47.5,89.5,84.33333333,2.5,2.5,17,15.66666667,3,3,4.5,4.5,1,1,1,1,1,1,1,1,1,1,0,0,0,0,0,0,0,0,0,0,0,0,0,0,0.41,0.27,0.06,0.1,0.0025,0.0025,0,0.04,0.0025,0.0025
11/2/16,452,417.95,756,693.8,130.5,114.8166667,96,84.43333333,9.5,9.5,12,11.5,7,6.5,3,3,6,5.5,10,9.5,3,3,0,0,1,1,0,0,0,0,0,0,1,1,8,7.5,0,0,0,0,0.41,0.27,0.06,0.1,0.0025,0.0025,0,0.04,0.0025,0.0025
11/3/16,867.5,794.6190476,802.5,748.4642857,128.5,119,50.5,46.83333333,51,48.58333333,31,29.33333333,13,13,21,19.33333333,3,2.333333333,2,2,6,6,1,1,0,0,0,0,0,0,0,0,2,1.5,1,1,0,0,0,0,0.41,0.27,0.06,0.1,0.0025,0.0025,0,0.04,0.0025,0.0025
11/4/16,401.5,379.2777778,525.5,491.8055556,64.5,61.33333333,72.5,70.5,18,16.83333333,25,24.75,2,2,9,8.5,2,2,1,1,3,3,4,4,2,2,0,0,0,0,0,0,1,1,0,0,0,0,0,0,0.41,0.27,0.06,0.1,0.0025,0.0025,0,0.04,0.0025,0.0025
11/5/16,297.5,264.7,489.5,455.0083333,181.5,168.8333333,379,355.7916667,9.5,8.166666667,52.5,51,4.5,4.5,1,1,1,1,0,0,2,2,6,6,2,2,0,0,0,0,0,0,0,0,0,0,0,0,0,0,0.41,0.27,0.06,0.1,0.0025,0.0025,0,0.04,0.0025,0.0025
11/6/16,651.5,596.8555556,723.5,629.0166667,169.5,156.1666667,253.5,230.6166667,19.5,17.53333333,29,26.7,0.5,0.5,2,2,0,0,9,6.388888889,2,2,3,3,0,0,0,0,0,0,0,0,2,1.5,15,10.72222222,0,0,0,0,0.41,0.27,0.06,0.1,0.0025,0.0025,0,0.04,0.0025,0.0025
11/7/16,134,128.5,110,104.5,11,11,15,14,7,7,3,3,1,1,1,1,0,0,0,0,1,1,0,0,0,0,0,0,0,0,0,0,9,9,0,0,0,0,0,0,0.41,0.27,0.06,0.1,0.0025,0.0025,0,0.04,0.0025,0.0025
11/8/16,494,458.4358974,371,341.4102564,42.5,41.33333333,656.5,647.6666667,166.5,152.6666667,92,83.73717949,26,24.5,10.5,10.25,2,2,3,3,1,1,0,0,8,8,2,2,0,0,0,0,4,4,1,1,0,0,0,0,0.41,0.27,0.06,0.1,0.0025,0.0025,0,0.04,0.0025,0.0025
11/9/16,912.5,886.4444444,557,533.6944444,190.5,181,201.5,194.6944444,163,155.5833333,344.5,338.5833333,22,19.75,19,18.75,0,0,2,2,5,5,2,1.5,5,5,1,1,0,0,0,0,2,2,0,0,0,0,0,0,0.41,0.27,0.06,0.1,0.0025,0.0025,0,0.04,0.0025,0.0025
11/10/16,588,556.3333333,421,396.8333333,74,70,88,85.33333333,99,94.75,109.5,105.5,5,3.75,14.5,14,0,0,0,0,2,2,2,2,2,2,0,0,0,0,0,0,1,0.5,0,0,0,0,0,0,0.41,0.27,0.06,0.1,0.0025,0.0025,0,0.04,0.0025,0.0025
11/11/16,196.5,189.5,200.5,183.6333333,76.5,72.03333333,42.5,40.83333333,112,108.25,303.5,297.8333333,63,63,61,54.91666667,0,0,0.5,0.5,4,4,2,2,5,4.5,1,1,0,0,0,0,2,2,0,0,0,0,0,0,0.42,0.33,0.05,0.1,0.0025,0.0025,0,0.03,0.0025,0.0025
11/12/16,335.5,320.4166667,188,170.5333333,100.5,94.66666667,101,96.25,64,62.7,551,540.9083333,37,32.2,50,44.325,0,0,3,3,8,8,0,0,3,3,0,0,0,0,0,0,0,0,0,0,0,0,0,0,0.42,0.33,0.05,0.1,0.0025,0.0025,0,0.03,0.0025,0.0025
11/13/16,297.8333333,284,218.5,205,187.8333333,174.8333333,348,327.8333333,24,23,60.5,60.5,12.33333333,12.33333333,15,15,1,1,1,1,3,2.5,1,1,1,1,0,0,0,0,0,0,0,0,0,0,0,0,0,0,0.42,0.33,0.05,0.1,0.0025,0.0025,0,0.03,0.0025,0.0025
11/14/16,403.5,372.7,428.5,403.4166667,108.5,99.68333333,253.5,239.7,14.5,12.16666667,68.5,66.33333333,3,3,13,13,0,0,1,1,1,1,3,3,0,0,0,0,0,0,0,0,1,1,0,0,0,0,0,0,0.4,0.32,0.06,0.06,0,0,0,0.04,0,0
11/15/16,374,347.0814195,874.5,803.1326156,51,50.33333333,129.5,122.5526316,31,28.5,46,41.4,3,2.5,14,12.5,3,3,2,2,0,0,10,10,0,0,0,0,0,0,0,0,2,2,0,0,0,0,0,0,0.41,0.29,0.06,0.07,0.0025,0.0025,0,0.03,0.0025,0.0025
11/16/16,360,323.7333333,804,735.1,155.5,137.8333333,114,102.25,18,16.41666667,38.5,35.16666667,5,4,13,12.5,4,4,1,1,5,5,2,2,0,0,0,0,0,0,0,0,0,0,0,0,0,0,0,0,0.41,0.29,0.06,0.07,0.0025,0.0025,0,0.03,0.0025,0.0025
11/17/16,203.5,188.5488095,398.5,365.2178571,110.5,102.4833333,56.5,53.45833333,49.5,46.66666667,72,67.125,7.5,7.5,8,8,4,4,1,1,6,6,4,4,0,0,0,0,0,0,0,0,1,1,0,0,0,0,0,0,0.41,0.29,0.06,0.07,0.0025,0.0025,0,0.03,0.0025,0.0025
11/18/16,293.5,282.5606061,247.5,227.2077922,43,36.5952381,29.5,26.83333333,89.5,84.63636364,22,20.16666667,5,5,1,1,0,0,3,3,1,1,0,0,0,0,1,1,0,0,0,0,3,3,0,0,0,0,0,0,0.42,0.28,0.04,0.09,0.005,0.005,0,0.03,0.005,0.005
11/19/16,215,198.6941176,370,327.0970588,214,194.3666667,208,189.2,28,25.08333333,15.5,13.05882353,5,5,7.5,7.5,0,0,2,1,2,2,0,0,2,1,0,0,0,0,0,0,2,2,0,0,0,0,0,0,0.42,0.28,0.04,0.09,0.005,0.005,0,0.03,0.005,0.005
11/20/16,148.5,143.5,157,151.6666667,85.5,80.33333333,53,48.5,15,15,20,20,1,1,4,4,1,0.333333333,3,1.666666667,2,2,1,1,0,0,7,7,0,0,0,0,0,0,2,2,0,0,0,0,0.42,0.28,0.04,0.09,0.005,0.005,0,0.03,0.005,0.005
11/21/16,586,549.9666667,697,605.5083333,106,94.5,148,137.525,6,6,26,20,5,5,3,3,2,1,0,0,1,1,1,1,1,1,3,2.5,0,0,0,0,0,0,0,0,0,0,0,0,0.41,0.28,0.06,0.09,0,0,0,0.04,0,0
11/22/16,297.5,285.5595238,377.5,349.3666667,112.5,99.68333333,40,34.89047619,15,13.66666667,30,28.33333333,5,4.5,5.5,5.5,0,0,2,1,2,2,2,1.5,0,0,1,1,0,0,0,0,0,0,0,0,0,0,0,0,0.41,0.28,0.06,0.09,0,0,0,0.04,0,0
11/23/16,305.5,285.9166667,354.5,326.9166667,175,155.2,78.5,67.18333333,17,16,12,11.5,18,17.5,29.5,26.78333333,1,1,1,1,1,1,2,2,0,0,0,0,0,0,0,0,5,5,1,1,0,0,0,0,0.41,0.28,0.06,0.09,0,0,0,0.04,0,0
11/24/16,116.5,114.3333333,175,167.3333333,35,34.5,46.5,42.66666667,22,22,23,22,152.5,145.6666667,76.5,72.5,1,1,1,1,0,0,1,1,0,0,0,0,0,0,0,0,0,0,0,0,0,0,0,0,0.41,0.28,0.06,0.09,0,0,0,0.04,0,0
11/25/16,152.3333333,146.3333333,289.1666667,270.3333333,53,50,34.5,32.16666667,21,21,47,45.83333333,162,157.8333333,146,134.5,1,1,3,3,1,1,0,0,0,0,0,0,0,0,0,0,0,0,17,17,0,0,0,0,0.44,0.28,0.04,0.07,0.005,0.005,0,0.04,0.005,0.005
11/26/16,174,167.6666667,220,193.5,333,320.5,190.5,185,5,5,27,27,31,30.5,54,51.33333333,0,0,3,3,7,6.333333333,22.5,20.66666667,0,0,0,0,0,0,0,0,0,0,4,3.5,0,0,0,0,0.44,0.28,0.04,0.07,0.005,0.005,0,0.04,0.005,0.005
11/27/16,231,199.1071429,324,300.9761905,91.5,84.41666667,121.5,116.8333333,21,21,22,20.83333333,12.5,12.5,12,11.33333333,1,1,4,2,6,5.5,20.5,20.5,0,0,0,0,0,0,0,0,2,1,0,0,0,0,0,0,0.44,0.28,0.04,0.07,0.005,0.005,0,0.04,0.005,0.005
11/28/16,771.5,727.1166667,370,336.3666667,69,62.08333333,131,122.0833333,78,73.7,35,33.7,27,26,29,26.5,1,1,2,2,22,21.2,21.5,20.25,2,2,0,0,0,0,0,0,1,1,2,2,0,0,0,0,0.39,0.27,0.06,0.09,0.0025,0.0025,0,0.04,0.0025,0.0025
11/29/16,571,542.2666667,294,271.225,59.5,51.93333333,81,69.825,256.5,234.8333333,85,79.08333333,34,33.5,24,21.5,6,5.5,1,1,6,5.5,21,18.5,0,0,0,0,0,0,0,0,3,3,1,0.333333333,0,0,0,0,0.39,0.27,0.06,0.09,0.0025,0.0025,0,0.04,0.0025,0.0025
11/30/16,464,435.7916667,285.5,262.5,97,82.5,108,94.54166667,100.5,97.5,42,38.83333333,41,40.5,19.5,18.83333333,1,1,3,3,5.5,5.5,6,6,0,0,0,0,0,0,0,0,1,1,3,2.5,0,0,0,0,0.39,0.27,0.06,0.09,0.0025,0.0025,0,0.04,0.0025,0.0025
12/1/16,388,373.4333333,506,475.9,57,52.08333333,92,88.25,38.5,37.66666667,41,37.5,21,20.5,14,14,0,0,2,1,0,0,4,4,1.5,0.666666667,0,0,0,0,0,0,4,4,0,0,0,0,0,0,0.39,0.27,0.06,0.09,0.0025,0.0025,0,0.04,0.0025,0.0025
12/2/16,238,225.6785714,340,315.8492063,65,57.91666667,66,60.75,47,41,50,42.88888889,212,202.3333333,109,97.58333333,0,0,1,1,4,4,1,1,0,0,0,0,0,0,0,0,3,3,0,0,0,0,0,0,0.39,0.27,0.06,0.09,0.0025,0.0025,0,0.04,0.0025,0.0025
12/3/16,184,173.1111111,273.5,248.9222222,102,90.24444444,76.5,68.22222222,19,18.5,42,40,63,61,50,47.5,0,0,5,4,3,3,3,2.5,0,0,0,0,0,0,0,0,0,0,0,0,0,0,0,0,0.39,0.27,0.06,0.09,0.0025,0.0025,0,0.04,0.0025,0.0025
12/4/16,129.5,117.6642857,363.5,327.452381,71,63.71666667,53.5,49.5,27.5,25.16666667,48,45.5,16,15.5,20,19.5,3,2,0,0,0,0,5,5,0,0,0,0,0,0,0,0,0,0,0,0,0,0,0,0,0.42,0.25,0.06,0.11,0.0025,0.0025,0,0.04,0.0025,0.0025
12/5/16,267,247.5833333,297,270.25,44,36,19,19,25,23.33333333,45,40.33333333,11,10.5,11,10,1,1,4,4,2,2,4,4,0,0,1,1,0,0,0,0,0,0,0,0,0,0,0,0,0.42,0.25,0.06,0.11,0.0025,0.0025,0,0.04,0.0025,0.0025
12/6/16,653.5,597.7714286,525,470.9285714,108.5,97.1,37,32.7,16,15,27,25,12,11,21,21,0,0,8,8,4,3.5,20,19,0,0,0,0,0,0,0,0,0,0,0,0,0,0,0,0,0.42,0.25,0.06,0.11,0.0025,0.0025,0,0.04,0.0025,0.0025
12/7/16,389.25,357.3690476,532.5,481.1785714,52.75,45.91666667,25,24,28.25,24.53571429,14,14,56.25,53.25,26,25.5,5,5,19,18.5,29,27.5,32,30.25,1,1,0,0,0,0,0,0,3,3,0,0,0,0,0,0,0.42,0.25,0.06,0.11,0.0025,0.0025,0,0.04,0.0025,0.0025
12/8/16,233,218.8333333,317,289.4833333,39,29.09761905,32,27.78571429,22,20.03333333,38,31.86666667,39,38.5,47,46,0,0,5,5,30,28,114,99.4,1,1,0,0,0,0,0,0,4,4,5,5,0,0,0,0,0.42,0.25,0.06,0.11,0.0025,0.0025,0,0.04,0.0025,0.0025
12/9/16,137.5,133.0833333,166,154.3333333,90,88.25,44,43.5,25.5,25,27,27,18,18,12,12,1,1,0,0,20,20,54,52.83333333,0,0,0,0,0,0,0,0,0,0,0,0,0,0,0,0,0.41,0.27,0.04,0.09,0.0025,0.0025,0,0.03,0.0025,0.0025
12/10/16,149,141.6666667,286,266.6785714,190,173.4166667,540.5,481.7380952,17,16.5,9,8.5,9,7,8.5,8.5,11,11,1,1,8,8,21,21,0,0,0,0,0,0,0,0,0,0,0,0,0,0,0,0,0.41,0.27,0.04,0.09,0.0025,0.0025,0,0.03,0.0025,0.0025
12/11/16,179.5,148.2898551,452,421.6666667,121.5,111.8333333,84,76.66666667,15,13.5,9,9,1,1,8,8,13,12,0,0,6,6,7,7,2,2,5,4.043478261,0,0,0,0,0,0,0,0,0,0,0,0,0.41,0.27,0.04,0.09,0.0025,0.0025,0,0.03,0.0025,0.0025
12/12/16,264,248.6923077,584.5,543.724359,80,75.33333333,83.5,76.91666667,35,34,12,11.5,32,30.5,8,8,18,16.83333333,13,13,3,3,18,17.5,0,0,0,0,0,0,0,0,0,0,0,0,0,0,0,0,0.41,0.27,0.04,0.09,0.0025,0.0025,0,0.03,0.0025,0.0025
12/13/16,258,244.0833333,267,245.3888889,79,66.25,156,150.1666667,36,32.16666667,42,36.44444444,11,10,10,9.5,21,20,17,17,2,2,16,16,0,0,0,0,0,0,0,0,0,0,0,0,0,0,0,0,0.38,0.31,0.06,0.06,0.0025,0.0025,0,0.04,0.0025,0.0025
12/14/16,371.5,330.8440476,621,574.7059524,241,217.925,152,132.9416667,11,10.5,18,17.5,24,23.16666667,22,19.83333333,41,38.66666667,24,23,4,3.5,24.5,22.91666667,0,0,0,0,0,0,0,0,6,6,2,1.5,0,0,0,0,0.38,0.31,0.06,0.06,0.0025,0.0025,0,0.04,0.0025,0.0025
12/15/16,353,328.2055556,832.5,793.8777778,98,83.75,132,119.4166667,17,15.5,10,10,10,10,9,9,68,63.66666667,57,53.33333333,3,3,15.5,14.25,0,0,0,0,0,0,0,0,5,5,3,3,0,0,0,0,0.38,0.31,0.06,0.06,0.0025,0.0025,0,0.04,0.0025,0.0025
12/16/16,215.5,206.8333333,388,368.5833333,191.5,179.5,90,80.91666667,16,15,10,7.666666667,5,4.5,15,15,82,76.1,72,65.9,5,5,3,3,1,1,1,1,0,0,0,0,0,0,0,0,0,0,0,0,0.38,0.31,0.06,0.06,0.0025,0.0025,0,0.04,0.0025,0.0025
12/17/16,301.5,293.9166667,300,284.9833333,71.5,65.35,87,81.25,8,8,12,11,0,0,35,34.5,19,19,23,22,6,6,10,10,0,0,1,1,0,0,0,0,1,1,0,0,0,0,0,0,0.38,0.31,0.06,0.06,0.0025,0.0025,0,0.04,0.0025,0.0025
12/18/16,170,160.8333333,226,211.9285714,174,151.047619,119,103.2738095,51,43.75,43,38.66666667,1,1,5,5,15,14.5,14,14,1,1,9,8,0,0,0,0,0,0,0,0,0,0,1,1,0,0,0,0,0.39,0.24,0.06,0.12,0.0025,0.0025,0,0.04,0.0025,0.0025
12/19/16,183,178.25,233,221.9,67,60.98333333,90,83.7,50,38.84615385,50,43.15384615,0,0,8,6.166666667,118,104.6666667,155,134.3333333,1,1,4,4,1,1,0,0,0,0,0,0,0,0,0,0,0,0,0,0,0.39,0.24,0.06,0.12,0.0025,0.0025,0,0.04,0.0025,0.0025
12/20/16,243,222.75,418.5,393.6875,52.5,44.75,33,28.75,150.5,137.2708333,140.5,125.5416667,1,1,6,5.25,16,13.16666667,38,34.58333333,3,2.5,2,1.75,0,0,0,0,0,0,0,0,0,0,0,0,0,0,0,0,0.39,0.24,0.06,0.12,0.0025,0.0025,0,0.04,0.0025,0.0025
12/21/16,513,480.85,493.5,447.4666667,73.5,66.66666667,98,88.61666667,60,51.76666667,86.5,82.13333333,1.5,1.5,9,8.5,3,3,8,8,1,0.5,6,6,0,0,0,0,0,0,0,0,1,1,0,0,0,0,0,0,0.39,0.24,0.06,0.12,0.0025,0.0025,0,0.04,0.0025,0.0025
12/22/16,150,140.3541667,288,264.4291667,46,39.9,125,117.5666667,31,28,152,145.25,8,7.25,2,1.25,2,2,2,2,0,0,3,3,0,0,0,0,0,0,0,0,0,0,0,0,0,0,0,0,0.39,0.24,0.06,0.12,0.0025,0.0025,0,0.04,0.0025,0.0025
12/23/16,156,147.3409091,253,233.5757576,105,100.9166667,95,90.16666667,12,11,54,51.5,12,11.5,36,36,0,0,2,2,1,1,0,0,4,4,0,0,0,0,0,0,0,0,0,0,0,0,0,0,0.39,0.24,0.06,0.12,0.0025,0.0025,0,0.04,0.0025,0.0025
12/24/16,281,250.0526316,190.5,167.4473684,147.5,140.3333333,75,70.66666667,13,13,17,17,6,6,15,14.5,1,1,0,0,1,1,1,1,0,0,1,1,0,0,0,0,0,0,0,0,0,0,0,0,0.39,0.24,0.06,0.12,0.0025,0.0025,0,0.04,0.0025,0.0025
12/25/16,75.5,61.38888889,95,89.94444444,60.5,53.41666667,21,20.25,9,8,13,13,1,1,1,1,2,2,0,0,2,2,3,3,0,0,1,1,0,0,0,0,1,1,0,0,0,0,0,0,0.39,0.24,0.06,0.12,0.0025,0.0025,0,0.04,0.0025,0.0025
12/26/16,73,72.5,111,109,36,35.5,61,59.5,6,6,11,11,7,7,33,32.5,0,0,1,1,6,6,1,1,0,0,0,0,0,0,0,0,0,0,0,0,0,0,0,0,0.39,0.24,0.06,0.12,0.0025,0.0025,0,0.04,0.0025,0.0025
12/27/16,96,88.5,179.5,170.75,136,128.8333333,74,66.58333333,22,20.16666667,8,8,4,3.333333333,19,17.33333333,0,0,0,0,4,4,1.5,1.5,2,2,0,0,0,0,0,0,0,0,0,0,0,0,0,0,0.39,0.24,0.06,0.12,0.0025,0.0025,0,0.04,0.0025,0.0025
12/28/16,279,264.6515152,196,186.8484848,61,56.16666667,37.5,33.33333333,10,10,2,1.5,1,0.5,9.5,9,0,0,0,0,4,4,1,1,0,0,0,0,0,0,0,0,0,0,0,0,0,0,0,0,0.39,0.24,0.06,0.12,0.0025,0.0025,0,0.04,0.0025,0.0025
12/29/16,346.5,324.2398649,363,333.5472973,147.5,136.9988739,133.5,115.5472973,17,17,24,22.83333333,3,2.333333333,13.5,13.5,20,20,8,8,2,2,0,0,7,7,0,0,0,0,0,0,0,0,0,0,0,0,0,0,0.39,0.24,0.06,0.12,0.0025,0.0025,0,0.04,0.0025,0.0025
12/30/16,239.5,228,568,546.4,165,149.4261905,116.5,102.7238095,8.5,8.5,10,10,29,27.2,3.5,3.25,53,51.5,31,29,8,8,3,3,0,0,0,0,0,0,0,0,0,0,0,0,0,0,0,0,0.39,0.24,0.06,0.12,0.0025,0.0025,0,0.04,0.0025,0.0025
12/31/16,93.5,92.5,154,150.6666667,59.5,59,40.5,33.25,38,36.5,6,4.833333333,44,43,4.5,4.25,1,1,14,14,3,3,2,2,0,0,0,0,0,0,0,0,0,0,0,0,0,0,0,0,0.39,0.24,0.06,0.12,0.0025,0.0025,0,0.04,0.0025,0.0025
1/1/17,0,0,0,0,0,0,0,0,0,0,0,0,0,0,0,0,0,0,0,0,0,0,0,0,0,0,0,0,0,0,0,0,0,0,0,0,0,0,0,0,0.39,0.24,0.06,0.12,0.0025,0.0025,0,0.04,0.0025,0.0025
1/2/17,0,0,0,0,0,0,0,0,0,0,0,0,0,0,0,0,0,0,0,0,0,0,0,0,0,0,0,0,0,0,0,0,0,0,0,0,0,0,0,0,0.39,0.24,0.06,0.12,0.0025,0.0025,0,0.04,0.0025,0.0025
1/3/17,65.5,64,60,58.5,44.5,42.5,20,20,1,1,3,3,2,2,3,3,1,1,2,2,0,0,1,1,0,0,0,0,0,0,0,0,1,1,3,3,0,0,0,0,0.39,0.26,0.06,0.1,0.0025,0.0025,0,0.04,0.0025,0.0025
1/4/17,207,194.9318182,245,228.3181818,145,135.6666667,47,43.83333333,2,2,9,7.75,1,1,3,2.5,119,110.5,171,165,1,1,3,2.5,0,0,0,0,0,0,0,0,0,0,4,4,0,0,0,0,0.39,0.26,0.06,0.1,0.0025,0.0025,0,0.04,0.0025,0.0025
1/5/17,441,397.8186813,749,690.9313187,69,63,72,69.16666667,2,1.5,13,13,4,4,9,9,14,12.33333333,54,48.16666667,8,7.5,23,20.58333333,0,0,0,0,0,0,0,0,0,0,1,1,0,0,0,0,0.39,0.26,0.06,0.1,0.0025,0.0025,0,0.04,0.0025,0.0025
1/6/17,398.5,373.9666667,482,459.7833333,132.5,124.6,47,44.53333333,46,44.5,78,70.58333333,7,5.2,1,0.5,14,12.5,19,16.83333333,3,3,2,2,0,0,0,0,0,0,0,0,0,0,0,0,0,0,0,0,0.42,0.28,0.04,0.09,0,0,0,0.04,0,0
1/7/17,367.5,349.4083333,449.5,413.0333333,94.5,89.325,422.5,377.4833333,24,22.33333333,34,29.91666667,7,6.5,10,8.5,3,3,16,15,8,8,43,39.5,0,0,0,0,0,0,0,0,0,0,0,0,0,0,0,0,0.42,0.28,0.04,0.09,0,0,0,0.04,0,0
1/8/17,1292,1155.357738,1190,1054.421429,79.5,68.2,212.5,190.7,298.5,259.6833333,311.5,251.8875,5,4.5,6,5.5,2,2,25.5,25.5,7,7,13.5,10.25,0,0,0,0,0,0,0,0,0,0,0,0,0,0,0,0,0.42,0.28,0.04,0.09,0,0,0,0.04,0,0
1/9/17,1100,1002.34881,1315,1169.811905,181,159.572619,96.5,84.08333333,161,142.6666667,115.5,108.3333333,11.5,11.25,26.5,22.51666667,68,63.33333333,127.5,117.5833333,9,9,4.5,4.5,0,0,0,0,0,0,0,0,1,1,1,1,0,0,0,0,0.39,0.28,0.06,0.11,0.0025,0.0025,0,0.03,0.0025,0.0025
1/10/17,612,531.9070513,916.5,852.1769231,1183.5,1028.120879,823,708.4618132,28.5,23.83333333,46.5,43,37,31.16666667,31,27,26,25,64,61.83333333,4,3.5,9,8.5,0,0,1,1,0,0,0,0,3,3,6,5.5,0,0,0,0,0.38,0.3,0.05,0.07,0.005,0.005,0,0.04,0.005,0.005
1/11/17,628,565.025,990.5,883.1416667,244,208.3,366,322.1583333,15,12.75,27,26.5,16,13.16666667,9.5,9,22,20.08333333,20,18.625,3,2.75,6,6,0,0,0,0,0,0,0,0,2,1.5,1,1,0,0,0,0,0.38,0.3,0.05,0.07,0.005,0.005,0,0.04,0.005,0.005
1/12/17,437,399.7,420,386.6333333,186,174.2833333,220,200.7166667,34,30.33333333,69,62.33333333,2,2,1,1,16,15,13,12,1,1,3,3,1,1,0,0,0,0,0,0,7,6,0,0,0,0,0,0,0.38,0.3,0.05,0.07,0.005,0.005,0,0.04,0.005,0.005
1/13/17,421.5,390.4246377,622.5,558.2086957,219.5,208.8333333,225,200.0333333,16,14.83333333,21,19.33333333,10,10,8.5,8,5,5,29,25.83333333,7,5.5,4,4,0,0,0,0,0,0,0,0,0,0,0,0,0,0,0,0,0.38,0.29,0.04,0.1,0.01,0.01,0,0.02,0.01,0.01
1/14/17,520.5,472.5428571,707,634.7690476,242.5,205.7547619,376.5,328.4333333,5,5,19,18.5,2,2,2.5,2.5,4,4,6,5.5,4,4,4,4,0,0,0,0,0,0,0,0,0,0,0,0,0,0,0,0,0.38,0.29,0.04,0.1,0.01,0.01,0,0.02,0.01,0.01
1/15/17,895.5,798.5129552,934,826.0063025,516.5,460.9869048,184.5,154.8960784,8,8,24,19.75490196,17,15.5,79.5,68.84285714,9,9,6,5.5,1,1,1,1,0,0,0,0,0,0,0,0,0,0,0,0,0,0,0,0,0.38,0.29,0.04,0.1,0.01,0.01,0,0.02,0.01,0.01
1/16/17,863,814.7833333,584,533.4333333,191,183.1666667,122,118.3333333,9,9,22,18.7,10,9.333333333,7,5.833333333,26,24.75,24,23.66666667,10,10,7,6,0,0,0,0,0,0,0,0,0,0,0,0,0,0,0,0,0.38,0.29,0.04,0.1,0.01,0.01,0,0.02,0.01,0.01
1/17/17,4097,3597.736255,3822,3264.435173,101.5,90.29166667,95,84.13571429,71,64.28730159,101,81.86666667,152,124.8166667,302,252.6472222,20,18.2,16,14.83333333,5,2.5,11.5,11.25,0,0,0,0,0,0,0,0,7,7,0,0,0,0,0,0,0.42,0.25,0.06,0.11,0,0,0,0.03,0,0
1/18/17,1529,1377.943371,1828,1612.000117,243.5,207.3492063,200,163.0596872,37,30.45,50,44.48333333,32.5,31.33333333,77,69.03809524,14,13,21,21,4,3.5,5,4,0,0,0,0,0,0,0,0,15,12.84285714,1,1,0,0,0,0,0.42,0.25,0.06,0.11,0,0,0,0.03,0,0
1/19/17,1009.5,931.2003663,911.5,835.8608059,324.5,290.4190476,242,217.0435897,56.5,47.14285714,35,32.5,25,22.5,14,13.25,26,26,23,20.58333333,7,6.5,8,8,0,0,0,0,0,0,0,0,9,9,1,1,0,0,0,0,0.42,0.25,0.06,0.11,0,0,0,0.03,0,0
1/20/17,453,433.0833333,362,337.1190476,171.5,161.5,165,150.0833333,19.5,18.5,80,76.5,44,40.32142857,29,23.89285714,7,7,4,4,8,8,2,2,1,1,0,0,0,0,0,0,1,1,2,2,0,0,0,0,0.42,0.26,0.04,0.1,0.0025,0.0025,0,0.05,0.0025,0.0025
1/21/17,438.5,384.8583333,264,241.275,77.5,71.75,47,44,15.5,15,24.5,24,18.5,17.5,23.5,22,2,2,3,3,50,34.61666667,21,20,0,0,1,1,0,0,0,0,0,0,0,0,0,0,0,0,0.42,0.26,0.04,0.1,0.0025,0.0025,0,0.05,0.0025,0.0025
1/22/17,1159.5,1065.716667,1206,1068.839744,96,84.17564103,81,65.58717949,12,11.5,17,16,9,9,11.5,10.75,3,3,1,1,49,34.93076923,18,16.5,2,2,2,2,0,0,0,0,1,1,0,0,0,0,0,0,0.42,0.26,0.04,0.1,0.0025,0.0025,0,0.05,0.0025,0.0025
1/23/17,916.5,845.9880952,899.5,825.3452381,51.5,48.08333333,73.5,62.41666667,40,34.66666667,29,28.5,15,13,2,1.5,6,6,9,8,20,17.33333333,8,8,4,4,5,5,0,0,0,0,14,12.66666667,12,10.5,0,0,0,0,0.4,0.24,0.06,0.1,0,0,0,0.03,0,0
1/24/17,1133.5,1014,587.8333333,516.7666667,105,102.4583333,47.83333333,44.58333333,209,190.7416667,113.3333333,104.8666667,25.5,22.08333333,27,26.5,9,9,2,2,3,3,2,2,0,0,0,0,0,0,0,0,1,1,1,1,0,0,0,0,0.4,0.24,0.06,0.1,0,0,0,0.03,0,0
1/25/17,997.8333333,936.2966667,610,556.8111111,143.8333333,127.8666667,231,209.6644444,76.33333333,71.75,58,51.75,43,39.5,21,18.52777778,3.5,3.5,0,0,49.5,49.5,2,2,0,0,4,3.5,0,0,0,0,3,3,4,3.333333333,0,0,0,0,0.4,0.24,0.06,0.1,0,0,0,0.03,0,0
1/26/17,3108,2804.180952,1596,1396.902381,163,146.5166667,332,299.65,25,23.25,57.5,52.66666667,23,22.5,12.5,11.83333333,1.5,1.5,18,18,13,12.5,2,2,3.5,3.5,0,0,0,0,0,0,0,0,0,0,0,0,0,0,0.4,0.24,0.06,0.1,0,0,0,0.03,0,0
1/27/17,3232.5,3003.388095,1975,1777.10119,145,133.0833333,352,313.427381,14.5,14.5,25,24.5,13,11.66666667,7,6.333333333,1,1,32,31,5,5,3,3,1,1,3,3,0,0,0,0,7,6,0,0,0,0,0,0,0.4,0.24,0.06,0.1,0,0,0,0.03,0,0
1/28/17,2168.5,1976.233333,3492.333333,3171.958333,205.5,178.5666667,110.8333333,98.65833333,11,11,27,23,5,5,14.33333333,11.58333333,1.5,1.5,3,3,5,5,5,5,2,1.5,0,0,0,0,0,0,2,2,0,0,0,0,0,0,0.4,0.24,0.06,0.1,0,0,0,0.03,0,0
1/29/17,1951,1763.545238,5011,4535.571429,247.5,200.2333333,986.5,913.4055556,27,24.83333333,86,75.76666667,46,39.91666667,96.5,84.64444444,2,2,4,4,4.5,4.25,17,16.5,1,0.5,13,11.83333333,0,0,0,0,0,0,0,0,0,0,0,0,0.4,0.24,0.06,0.1,0,0,0,0.03,0,0
1/30/17,251,245.78125,527,488.1875,32,31.5,87.5,86.5,14,12.28125,21.5,20.25,7,6.5,4,4,2,2,2,2,2,2,0,0,0,0,0,0,0,0,0,0,0,0,0,0,0,0,0,0,0.4,0.26,0.06,0.11,0.0025,0.0025,0,0.04,0.0025,0.0025
1/31/17,0,0,0,0,0,0,0,0,0,0,0,0,0,0,0,0,0,0,0,0,0,0,0,0,0,0,0,0,0,0,0,0,0,0,0,0,0,0,0,0,0.37,0.3,0.05,0.08,0.005,0.005,0,0.05,0.005,0.005
2/1/17,0,0,0,0,0,0,0,0,0,0,0,0,0,0,0,0,0,0,0,0,0,0,0,0,0,0,0,0,0,0,0,0,0,0,0,0,0,0,0,0,0.37,0.3,0.05,0.08,0.005,0.005,0,0.05,0.005,0.005
2/2/17,0,0,0,0,0,0,0,0,0,0,0,0,0,0,0,0,0,0,0,0,0,0,0,0,0,0,0,0,0,0,0,0,0,0,0,0,0,0,0,0,0.37,0.3,0.05,0.08,0.005,0.005,0,0.05,0.005,0.005
2/3/17,0,0,0,0,0,0,0,0,0,0,0,0,0,0,0,0,0,0,0,0,0,0,0,0,0,0,0,0,0,0,0,0,0,0,0,0,0,0,0,0,0.42,0.27,0.05,0.1,0.0025,0.0025,0,0.04,0.0025,0.0025
2/4/17,0,0,0,0,0,0,0,0,0,0,0,0,0,0,0,0,0,0,0,0,0,0,0,0,0,0,0,0,0,0,0,0,0,0,0,0,0,0,0,0,0.42,0.27,0.05,0.1,0.0025,0.0025,0,0.04,0.0025,0.0025
2/5/17,0,0,0,0,0,0,0,0,0,0,0,0,0,0,0,0,0,0,0,0,0,0,0,0,0,0,0,0,0,0,0,0,0,0,0,0,0,0,0,0,0.4,0.24,0.06,0.11,0.0025,0.0025,0,0.04,0.0025,0.0025
2/6/17,0,0,0,0,0,0,0,0,0,0,0,0,0,0,0,0,0,0,0,0,0,0,0,0,0,0,0,0,0,0,0,0,0,0,0,0,0,0,0,0,0.4,0.24,0.06,0.11,0.0025,0.0025,0,0.04,0.0025,0.0025
2/7/17,0,0,0,0,0,0,0,0,0,0,0,0,0,0,0,0,0,0,0,0,0,0,0,0,0,0,0,0,0,0,0,0,0,0,0,0,0,0,0,0,0.4,0.24,0.06,0.11,0.0025,0.0025,0,0.04,0.0025,0.0025
2/8/17,0,0,0,0,0,0,0,0,0,0,0,0,0,0,0,0,0,0,0,0,0,0,0,0,0,0,0,0,0,0,0,0,0,0,0,0,0,0,0,0,0.41,0.26,0.05,0.11,0.005,0.005,0,0.04,0.005,0.005
2/9/17,284.5,280.2222222,96.5,91.22222222,50,49.5,80,74.05555556,15.5,15,69.5,69,5,5,4,4,4,4,1,1,4,4,3,3,0,0,0,0,0,0,0,0,188,179,152,145,0,0,0,0,0.41,0.26,0.05,0.11,0.005,0.005,0,0.04,0.005,0.005
2/10/17,458,423.7416667,538,487.9166667,197,181.8583333,134.5,123.4333333,47,44.25,75,71.5,19,17,22,21.5,9,8.625,11,10,8,7.625,6,3.75,0,0,0,0,0,0,0,0,164,151.3333333,248.5,220.4666667,0,0,0,0,0.4,0.29,0.05,0.13,0,0,0,0.04,0,0
2/11/17,315.5,295.2777778,448.5,419.6666667,87.5,82.16666667,87,76.30555556,19,17.83333333,22,21.5,6,6,9,9,6.5,6.5,4,4,7.5,7,12,11.5,1,1,0,0,0,0,0,0,60,58.08333333,134.5,127.1666667,0,0,0,0,0.4,0.29,0.05,0.13,0,0,0,0.04,0,0
2/12/17,347,322.452381,386,348.4761905,127,119.5,99,88,41,39,4,4,6,6,14,11.66666667,1,1,2,2,2,2,3,2.5,6,6,0,0,0,0,0,0,198,187.1666667,244,225.2380952,0,0,0,0,0.4,0.24,0.06,0.11,0.005,0.005,0,0.04,0.005,0.005
2/13/17,357.5,337.3,341.5,305.2,34,30.5,65,63.33333333,10.5,10,22,20.5,3,3,9,7,2,2,3,3,2,2,4,4,1,1,0,0,0,0,0,0,130,126.6666667,147.5,142.5,0,0,0,0,0.4,0.24,0.06,0.11,0.005,0.005,0,0.04,0.005,0.005
2/14/17,374,359.0833333,450.5,413.6666667,60,55,44.5,43.25,18,17,13,12.5,6,6,6,5,5,5,4,4,37,34.83333333,29,25.16666667,3,3,4,4,0,0,0,0,31,28.75,53,48.75,0,0,0,0,0.4,0.27,0.05,0.08,0.005,0.005,0,0.04,0.005,0.005
2/15/17,720,701.1666667,570,515.2083333,50,45.33333333,87,77.79166667,4,4,2,2,3,3,13,12.5,1,1,12,11,12,12,13,13,2,2,1,1,0,0,0,0,28,26.5,14,13.5,0,0,0,0,0.4,0.27,0.05,0.08,0.005,0.005,0,0.04,0.005,0.005
2/16/17,535,514.15,467,435.9,47,44.25,56.5,51.03333333,20,18.5,18,17,7,6,14.5,14,28.5,26.33333333,56,49.45833333,31.5,28.75,49,43.95833333,0,0,0,0,0,0,0,0,87,78.66666667,32,30,0,0,0,0,0.4,0.27,0.05,0.08,0.005,0.005,0,0.04,0.005,0.005
2/17/17,159.5,150.75,432.5,398.1666667,162,149.4166667,104.5,96.08333333,71,68,32,28.75,7.5,6.833333333,24,22,14.5,14.5,37.5,35.25,22.5,21.5,23.5,22.75,0,0,3,3,0,0,0,0,25,23.5,8,7.5,0,0,0,0,0.44,0.26,0.04,0.08,0.0025,0.0025,0,0.04,0.0025,0.0025
2/18/17,149.6666667,139.25,518.5,486.0833333,223,188.0833333,130.5,119.4166667,53,51.83333333,29,28,6.333333333,6.166666667,5,5,9.5,9.5,4,4,6.5,6.5,6,6,0,0,0,0,0,0,0,0,7,6.166666667,16,16,0,0,0,0,0.44,0.26,0.04,0.08,0.0025,0.0025,0,0.04,0.0025,0.0025
2/19/17,94.5,91,283.5,263.5,105,86.77777778,256.5,241.7222222,27,25.83333333,46,40.66666667,2.5,2.5,6,5,1,1,4,4,0,0,4,4,1,1,0,0,0,0,0,0,4,4,33,32,0,0,0,0,0.44,0.26,0.04,0.08,0.0025,0.0025,0,0.04,0.0025,0.0025
2/20/17,147,140,397.8333333,362.3333333,103.5,100.5,81.83333333,77.83333333,7.5,7.5,28,26,3,3,4.333333333,4.333333333,25.5,22,32.5,32.25,11.5,11.5,18.5,15.25,0,0,0,0,0,0,0,0,43,42.5,7,6,0,0,0,0,0.44,0.26,0.04,0.08,0.0025,0.0025,0,0.04,0.0025,0.0025
2/21/17,198.5,187.8333333,435.5,403.0833333,142.5,131.5833333,137.5,126.5833333,14,13.5,24,23.5,3,2.5,11,10,11,8,18,17,3,3,11,11,3,3,0,0,0,0,0,0,21,17.75,40,36.66666667,0,0,0,0,0.41,0.25,0.06,0.11,0.0025,0.0025,0,0.03,0.0025,0.0025
2/22/17,581,556.6666667,674,594.0440476,160,140.95,145,124.5059524,12,10.83333333,29,27.33333333,25,24.5,5,5,6,6,8,8,5,5,11,9.333333333,0,0,0,0,0,0,0,0,5,2.833333333,6,6,0,0,0,0,0.41,0.25,0.06,0.11,0.0025,0.0025,0,0.03,0.0025,0.0025
2/23/17,531,509.8333333,412.5,380.25,246,228.3333333,121.5,107.0833333,31,31,37,33.66666667,7,7,8,8,7,7,4,4,0,0,2,2,0,0,0,0,0,0,0,0,5,3.833333333,2,2,0,0,0,0,0.41,0.25,0.06,0.11,0.0025,0.0025,0,0.03,0.0025,0.0025
2/24/17,327,298.3333333,484.5,378.6595238,426,378.6785714,632.5,558.852381,12,10.5,26,25,15,12.97619048,2,2,9,9,3,3,1,1,2,2,4,4,2,2,0,0,0,0,1,1,2,2,0,0,0,0,0.41,0.25,0.06,0.11,0.0025,0.0025,0,0.03,0.0025,0.0025
2/25/17,216,196.85,368,336.7333333,199,184.0833333,259,238.1666667,38,36.33333333,64,58.83333333,1,1,0,0,1,1,0,0,1,1,8,8,0,0,0,0,0,0,0,0,1,1,0,0,0,0,0,0,0.41,0.25,0.06,0.11,0.0025,0.0025,0,0.03,0.0025,0.0025
2/26/17,292.5,266.7833333,279.5,251.1333333,414.5,390.3333333,388.5,364.5,24,23,41,40,2.5,2.25,14,12.5,3,3,2.5,2.5,2,2,7.5,7.5,2.5,2.5,0,0,0,0,0,0,34,33.5,7,6.5,0,0,0,0,0.41,0.25,0.06,0.11,0.0025,0.0025,0,0.03,0.0025,0.0025
2/27/17,494,462.7666667,700,634.825,217,191.6666667,216.5,189.8666667,15,13.5,41.5,39.375,2,1,8,7.5,7,6,1,1,5,5,17,16,0,0,0,0,0,0,0,0,5,4.5,4,3,0,0,0,0,0.42,0.25,0.06,0.11,0.0025,0.0025,0,0.04,0.0025,0.0025
2/28/17,251,229.9166667,525.5,473.5833333,122,113.5,156.5,136.3333333,40,36.33333333,82.5,78.83333333,0,0,9.5,8.75,48.5,45.33333333,88.5,83.16666667,16,15,31,28.75,0,0,0,0,0,0,0,0,0,0,1,0.5,0,0,0,0,0.42,0.25,0.06,0.11,0.0025,0.0025,0,0.04,0.0025,0.0025
3/1/17,416.8333333,368.9178571,1052.333333,933.0934982,229.3333333,190.9416667,220.5,185.1142857,34,32,131,120.4326923,4,3.5,2,2,28,24.66666667,22,22,5,5,8,7.333333333,2,2,1,1,0,0,0,0,1.5,1.5,3.5,3.5,0,0,0,0,0.42,0.25,0.06,0.11,0.0025,0.0025,0,0.04,0.0025,0.0025
3/2/17,397,358.4333333,577,535.8166667,140,129.9166667,108.5,99.91666667,76,69.83333333,65.5,58.91666667,12,10.83333333,0,0,16,15.33333333,20,19,5,5,9,9,0,0,0,0,0,0,0,0,1,1,0,0,0,0,0,0,0.42,0.25,0.06,0.11,0.0025,0.0025,0,0.04,0.0025,0.0025
3/3/17,904,770.725,1049.5,903.3428571,159.5,144.3809524,68,59,56,45.85833333,84,68.38333333,7,6.5,2,2,63,56.91666667,80,72.41666667,21,21,12,11.5,6,6,17,10.97619048,0,0,0,0,7,7,0,0,0,0,0,0,0.44,0.28,0.04,0.08,0.0025,0.0025,0,0.05,0.0025,0.0025
3/4/17,719,644.15,553.5,499.5166667,254.5,215.8333333,215,186,50,46,69.5,61.33333333,0,0,2,2,59,57.5,51,48.66666667,19,17.83333333,11,9.666666667,2.5,2.5,5,5,0,0,0,0,4,4,0,0,0,0,0,0,0.44,0.28,0.04,0.08,0.0025,0.0025,0,0.05,0.0025,0.0025
3/5/17,395,373.9047619,305,284.4285714,154.5,145.6666667,186.5,173.8333333,7.5,7.5,37.16666667,33.83333333,0,0,7.666666667,7.5,20,19,19,19,12,12,8,7.333333333,5,3.5,0,0,0,0,0,0,6,3.75,8.666666667,7.75,0,0,0,0,0.44,0.28,0.04,0.08,0.0025,0.0025,0,0.05,0.0025,0.0025
3/6/17,320.5,294.1545455,297,275.8287879,201.5,185.202381,278.5,243.3142857,7,6.5,37.66666667,37.66666667,31,29,4.166666667,4.166666667,33.5,29.66666667,53,48.83333333,6.5,6,16,14.5,1,0.5,0,0,0,0,0,0,0,0,1.666666667,1.666666667,0,0,0,0,0.44,0.28,0.04,0.08,0.0025,0.0025,0,0.05,0.0025,0.0025
3/7/17,615,559.6185897,766.6666667,665.3397436,194,169.7916667,322.1666667,283.5,21,19.33333333,68.5,64.91666667,11,10.5,27.66666667,25,25,24.5,30,29,4,4,6,6,0,0,1,1,0,0,0,0,2,2,1,0.5,0,0,0,0,0.44,0.28,0.04,0.08,0.0025,0.0025,0,0.05,0.0025,0.0025
3/8/17,1161.5,1065.733333,1065,882.725,258.5,223.5333333,214,187.425,32,31,28,24.75,14,13.25,17,15.58333333,6,6,8.5,8.5,6,6,2.5,2.5,0,0,0,0,0,0,0,0,0,0,0,0,4,4,0,0,0.44,0.25,0.06,0.1,0.0025,0.0025,0,0.03,0.0025,0.0025
3/9/17,499.5,467.6666667,470,437.9166667,151.5,138.5833333,100,92.66666667,26,22.66666667,63.83333333,56.66666667,11,10.33333333,10.83333333,10.83333333,11,9.5,18,15.83333333,7,7,9,9,0,0,0,0,0,0,0,0,5,5,1.333333333,1.333333333,0,0,0,0,0.44,0.25,0.06,0.1,0.0025,0.0025,0,0.03,0.0025,0.0025
3/10/17,417,393.5,442.5,400.75,66.5,59.5,178,163.9166667,49.5,46.83333333,26.5,25,5,5,8,8,6.5,6.25,8,8,23.5,23.25,18,16,1,1,0,0,0,0,0,0,1,1,0,0,1,1,0,0,0.43,0.3,0.04,0.13,0,0,0,0.04,0,0
3/11/17,300.5,286.1666667,222,207.9166667,302,272.9166667,246,218.9166667,89.5,84.5,68.66666667,65.83333333,3,3,13.66666667,13.16666667,4,3.5,3,3,29,18.08333333,8,7.333333333,0,0,0,0,0,0,0,0,3,3,1.666666667,1.666666667,0,0,0,0,0.41,0.28,0.05,0.07,0.0025,0.0025,0,0.06,0.0025,0.0025
3/12/17,235,219.1666667,357.5,311.0666667,244,221.2833333,159.5,140.4833333,60,56.16666667,111,103.3333333,4,4,2.5,2.5,34,32.83333333,7,7,36,34,25,22.66666667,0,0,1,1,0,0,0,0,1,1,1.5,1.5,0,0,0,0,0.41,0.28,0.05,0.07,0.0025,0.0025,0,0.06,0.0025,0.0025
3/13/17,1038.333333,917.0314935,941.3333333,815.0560606,207.5,179.6261905,297.8333333,261.3333333,1355.333333,1223.339286,1327.166667,1189.863636,8.5,7,29,25.41666667,5,4.333333333,1,1,7,7,13,12,2.333333333,2.333333333,0,0,0,0,0,0,0,0,1.666666667,1.666666667,0,0,0,0,0.44,0.27,0.05,0.1,0,0,0,0.04,0,0
3/14/17,945.5,854.9258242,972.5,842.1416361,124,112.247558,145.5,128.625,529,476.3766789,607.5,522.7666361,5,3.833333333,32,27.75,1,1,0,0,9,8.333333333,7,7,1,1,1,1,0,0,0,0,1,1,0,0,0,0,0,0,0.41,0.28,0.06,0.08,0.0025,0.0025,0,0.03,0.0025,0.0025
3/15/17,649,577.849513,1054.5,931.712987,247.5,226.3511905,311.5,285.5392857,348.8333333,310.3089286,403.6666667,360.6130952,8.5,6.958333333,16.5,15.16666667,1,1,0,0,6,5.5,12,12,2,2,0,0,0,0,0,0,5,5,4,4,0,0,0,0,0.42,0.25,0.05,0.12,0.005,0.005,0,0.04,0.005,0.005
3/16/17,1279.5,1121.998413,1560,1320.003175,98,86.91666667,177.5,161.8928571,327.5,272.8285714,473,405.6936508,6.5,6.5,19,16.66666667,4,4,9,7.833333333,1,1,9,6.666666667,1,1,0,0,0,0,0,0,6,5,1,1,0,0,0,0,0.42,0.25,0.05,0.12,0.005,0.005,0,0.04,0.005,0.005
3/17/17,1064,960.9916667,968,846.9166667,144,129.9166667,183.5,159.9166667,256.5,228.1916667,286.5,247.95,72.5,72,51,45.61666667,5.5,5.5,3,3,8.5,8.5,8,7.5,0,0,0,0,0,0,0,0,2,2,0,0,0,0,0,0,0.45,0.26,0.04,0.09,0.0025,0.0025,0,0.04,0.0025,0.0025
3/18/17,1334,1280.877778,527,471.7916667,172,155.3333333,111.5,106.5,395,339.2555556,283,240.1305556,21,16.08333333,20.5,19.5,1,1,1,1,8,7.333333333,19,17.44444444,5,3.75,0,0,0,0,0,0,0,0,1,1,0,0,0,0,0.45,0.26,0.04,0.09,0.0025,0.0025,0,0.04,0.0025,0.0025
3/19/17,1797,1757.483333,559.6666667,524.0428571,125,115.8333333,74.16666667,63.56666667,353,330.75,316,271.3357143,138,126.3333333,138.1666667,123.1547619,2,2,3,2,2,2,3,2.5,8,8,0,0,0,0,0,0,0,0,0,0,0,0,0,0,0.45,0.26,0.04,0.09,0.0025,0.0025,0,0.04,0.0025,0.0025
3/20/17,1513.5,1460.038889,822,762.5166667,102,89.66666667,201,182.45,270.5,263.4166667,143.5,128.5166667,54,44.08333333,54.5,46.31111111,1,1,0,0,0,0,0,0,0,0,1,1,0,0,0,0,0,0,0,0,0,0,0,0,0.41,0.25,0.06,0.11,0.005,0.005,0,0.03,0.005,0.005
3/21/17,513.5,486.5922619,549,508.125,155.5,136.2916667,199.5,182.2202381,428,410.9434524,172.5,155.2083333,22,20,21,17.86904762,22,20.83333333,12,10.25,108,105.3333333,187,185.3333333,0,0,0,0,0,0,0,0,1,1,0,0,0,0,0,0,0.41,0.25,0.06,0.11,0.005,0.005,0,0.03,0.005,0.005
3/22/17,736.5,683.6166667,2742.833333,2590.441667,213.5,189.65,178.8333333,158.5333333,170,156.6166667,205,181.725,18,14.33333333,13.83333333,13.16666667,20,19.5,21,20.5,36,34,26,25,0,0,0,0,0,0,0,0,4.5,3.916666667,1,1,0,0,0,0,0.41,0.25,0.06,0.11,0.005,0.005,0,0.03,0.005,0.005
3/23/17,687.5,643.5190476,4416.833333,4240.514286,113,101.4,73.33333333,70.16666667,69,62.2,75.83333333,67.36666667,25,23.5,8,7,101,95.83333333,91,80.66666667,51,47,99,95.5,9.5,9.5,18,17,0,0,0,0,0,0,14,11.83333333,0,0,0,0,0.41,0.25,0.06,0.11,0.005,0.005,0,0.03,0.005,0.005
3/24/17,338,326.4666667,871,836.2083333,140,131.5333333,37.5,34.875,34,33.5,111.5,104.5833333,15,13.5,6,5.5,27,26.33333333,15,15,34,32.66666667,32,31.33333333,13,12,12,11.5,0,0,0,0,0,0,2,2,0,0,0,0,0.41,0.25,0.06,0.11,0.005,0.005,0,0.03,0.005,0.005
3/25/17,358,342.3333333,385.5,372.1666667,142,137.75,63,56.5,17,15.5,38,37,43.5,41,60,55.25,2,1.5,2,1.5,1,1,10,10,0,0,3,1.5,0,0,0,0,0,0,0,0,0,0,0,0,0.41,0.25,0.06,0.11,0.005,0.005,0,0.03,0.005,0.005
3/26/17,283,259.375,545.5,507.5,160.5,149.0833333,115.5,100.5,38.5,36.54166667,26,25,12,10.5,24,23,6,6,1,1,13,13,13,12.5,0,0,0,0,0,0,0,0,0,0,0,0,0,0,0,0,0.43,0.25,0.06,0.11,0.0025,0.0025,0,0.03,0.0025,0.0025
3/27/17,824,725.9666667,727,646.0583333,97,92.83333333,114.5,108.9333333,119.5,108.2333333,126,107.6416667,8,6.666666667,6,5.166666667,7,6,25,23,2,2,11,10.5,0,0,0,0,0,0,0,0,2,2,0,0,0,0,0,0,0.43,0.25,0.06,0.11,0.0025,0.0025,0,0.03,0.0025,0.0025
3/28/17,875.5,799.8525974,849.5,760.1256494,131.5,121.7166667,92.5,84.83333333,594,555.3722944,288,266.2661255,16,14.83333333,9,9,3,3,1,1,3,3,14,14,2,2,0,0,0,0,0,0,0,0,1,1,1,1,0,0,0.43,0.25,0.06,0.11,0.0025,0.0025,0,0.03,0.0025,0.0025
3/29/17,3234,2961.275505,2497.833333,2234.196609,265,227.7373377,301.3333333,259.5718615,190,166.3527778,128,117.65,63.5,57.625,39.83333333,34.66666667,2,2,1,1,7.5,7.5,10,9.5,0,0,1.5,1.5,0,0,0,0,18,15.25757576,6.5,5.166666667,1,1,0,0,0.43,0.25,0.06,0.11,0.0025,0.0025,0,0.03,0.0025,0.0025
3/30/17,1293.5,1177.914286,1363.666667,1231.87619,263,224.75,174.1666667,152.7761905,168,144.0333333,147,130.5833333,21.5,18.25,15.16666667,12.31666667,0,0,1,1,8,8,3,3,0,0,0,0,0,0,0,0,0,0,3,2.5,0,0,0,0,0.43,0.25,0.06,0.11,0.0025,0.0025,0,0.03,0.0025,0.0025
3/31/17,458.5,431.9166667,703,663.6666667,115.5,103.6666667,55.5,49.91666667,62.5,59.58333333,145,133.25,12,12,14,13.5,0,0,0,0,3,3,6,5.5,0,0,0,0,0,0,0,0,1,1,2,2,0,0,0,0,0.43,0.25,0.05,0.11,0.005,0.005,0,0.04,0.005,0.005
4/1/17,325.6666667,308,357,333.5138889,116.6666667,104.4444444,100,95.16666667,103,91.21428571,90,81.57738095,11.66666667,10.33333333,10,8.75,1,1,2,2,15,14.5,6,5.5,0,0,2,2,0,0,0,0,0,0,0,0,0,0,0,0,0.43,0.25,0.05,0.11,0.005,0.005,0,0.04,0.005,0.005
4/2/17,316.5,302.5,785.5,754,87,78.5,43,41.5,77.5,74.5,49.5,44,1,1,8,8,0,0,0,0,36,32.66666667,19,17.33333333,0,0,0,0,0,0,0,0,1,1,0,0,0,0,0,0,0.43,0.25,0.05,0.11,0.005,0.005,0,0.04,0.005,0.005
4/3/17,312.5,302.1666667,684,635.6666667,37.5,33.16666667,55,48.75,144,133.75,99,95.5,9,8,8,8,2,2,0,0,7,4,7,4,0,0,2,2,0,0,0,0,3,3,0,0,0,0,0,0,0.43,0.25,0.05,0.11,0.005,0.005,0,0.04,0.005,0.005
4/4/17,1337.5,1221.517857,2285.5,2065.304762,159.5,131.4,365.5,317.527381,300,237.3333333,92,77.33333333,7,6.333333333,7,5.25,5,5,0,0,1,0.5,2,1.5,1,1,3,2,0,0,0,0,0,0,0,0,0,0,0,0,0.43,0.25,0.05,0.11,0.005,0.005,0,0.04,0.005,0.005
4/5/17,867,800.5579365,1059.5,973.2357143,155,133.5166667,256.5,225.3,270,223.1484127,223,185.5746032,24,21.83333333,4,2.833333333,1,1,3,3,1,1,3,3,1,1,0,0,0,0,0,0,0,0,0,0,0,0,0,0,0.42,0.25,0.08,0.11,0.0025,0.0025,0,0.03,0.0025,0.0025
4/6/17,380,350.3666667,655,602.5,219.5,198.0333333,125,116.25,152.5,134.2666667,165,146.9166667,98,89,51,47.66666667,3,3,0,0,8,8,1,1,0,0,0,0,0,0,0,0,1,1,1,1,0,0,0,0,0.42,0.25,0.08,0.11,0.0025,0.0025,0,0.03,0.0025,0.0025
4/7/17,386,369.75,374,348.1166667,166.5,138.1833333,276.5,260.6666667,92,85.16666667,130,123.5833333,81,73.75,106,97.78333333,0,0,0,0,0,0,1,1,1,1,2,2,0,0,0,0,19,18.5,4,3.5,0,0,0,0,0.42,0.25,0.08,0.11,0.0025,0.0025,0,0.03,0.0025,0.0025
4/8/17,206.5,197.35,269,248.2166667,63,54.93333333,60,57.83333333,133,131.25,64,59.83333333,18.5,17.25,29,27.33333333,0,0,1,1,7,7,5,5,1,1,0,0,0,0,0,0,3,3,1,1,0,0,0,0,0.42,0.25,0.08,0.11,0.0025,0.0025,0,0.03,0.0025,0.0025
4/9/17,169,164.9166667,172.5,160.25,52,37.08333333,72,68.16666667,51.5,48.5,35.5,34.5,23.5,23.25,32,30.33333333,1,1,0,0,1,1,4,4,0,0,0,0,0,0,0,0,2,2,1,1,0,0,0,0,0.42,0.25,0.08,0.11,0.0025,0.0025,0,0.03,0.0025,0.0025
4/10/17,234.5,224.4166667,161,150.75,122,108.9166667,173,162.8333333,61,58.16666667,43,40.33333333,5.5,5.25,7,6.333333333,0,0,2,2,3,3,1,1,2,2,0,0,0,0,0,0,3,3,0,0,0,0,0,0,0.42,0.25,0.08,0.11,0.0025,0.0025,0,0.03,0.0025,0.0025
4/11/17,357.5,254.85,363,337.5901515,157,138.1848485,144,130.8416667,134,126.1666667,28,25.66666667,23.5,22,11,9.7,0,0,0,0,0,0,6,6,0,0,0,0,0,0,0,0,0,0,0,0,0,0,0,0,0.38,0.29,0.05,0.07,0.0025,0.0025,0,0.05,0.0025,0.0025
4/12/17,110.5,104.5,290,279,109,95.66666667,88,80.08333333,116.5,110.5,106,101.5,55,52.75,16,15,4,4,2,2,2,2,2,2,0,0,0,0,0,0,0,0,1,1,0,0,0,0,0,0,0.44,0.23,0.06,0.12,0.0025,0.0025,0,0.04,0.0025,0.0025
4/13/17,162.6666667,154.3333333,241,221.375,129.1666667,113.875,68,62.08333333,43.5,42.5,106,97.33333333,41.66666667,40.16666667,39,36.33333333,6,6,2,2,1,1,3,3,0,0,0,0,0,0,0,0,0,0,0,0,0,0,0,0,0.44,0.23,0.06,0.12,0.0025,0.0025,0,0.04,0.0025,0.0025
4/14/17,211,200.5277778,270.5,260.6111111,152,138.1944444,75.5,73,32,30.66666667,32,30.83333333,4,3.666666667,13,11.5,1,1,0,0,8,8,1,1,0,0,0,0,0,0,0,0,0,0,0,0,0,0,0,0,0.44,0.26,0.04,0.1,0.0025,0.0025,0,0.04,0.0025,0.0025
4/15/17,222.3333333,210.1176471,181,171.9264706,230.8333333,204.2303922,43,38.89215686,7.833333333,7.833333333,21,20.5,6,6,18,17.5,0,0,0,0,1,1,0,0,0,0,0,0,0,0,0,0,0,0,0,0,0,0,0,0,0.44,0.26,0.04,0.1,0.0025,0.0025,0,0.04,0.0025,0.0025
4/16/17,793.5,752.3928571,637.5,586.3095238,211.5,184.6309524,91.5,78.83333333,15,14.5,22,20.83333333,9,8.5,14,12.5,0,0,0,0,2,2,14,13.5,0,0,1,1,0,0,0,0,1,1,0,0,0,0,0,0,0.44,0.26,0.04,0.1,0.0025,0.0025,0,0.04,0.0025,0.0025
4/17/17,485.5,461,355.5,331.6666667,160.5,135.8333333,129,115.25,23,22,71.5,66.75,12,10.5,3,3,0,0,0,0,7,7,6,6,0,0,0,0,0,0,0,0,0,0,0,0,0,0,0,0,0.44,0.26,0.04,0.1,0.0025,0.0025,0,0.04,0.0025,0.0025
4/18/17,6243.5,5485.576154,7415.833333,6451.424717,1861,1522.478644,1122.333333,942.2177008,211.8333333,174.5506313,114,96.30555556,772.5,654.055772,1081.333333,926.6824916,2,1.125,2,2,6.333333333,5.166666667,7,5.5,3.333333333,2.166666667,10,8.75,0,0,0,0,0,0,1,1,0,0,0,0,0.46,0.25,0.04,0.11,0.0025,0.0025,0,0.04,0.0025,0.0025
4/19/17,4785.166667,4155.814225,5873.5,4854.199618,893.6666667,720.5599969,925.5,735.8,162.3333333,134.6076923,146,121.2831502,322.8333333,278.9928571,892,780.9329365,0,0,1,1,4,4,16,15,1.5,0.833333333,17.5,12.14285714,0,0,0,0,7,5.833333333,3,3,2,2,0,0,0.45,0.26,0.04,0.11,0.0025,0.0025,0,0.03,0.0025,0.0025
4/20/17,2265.166667,2023.510714,2758.666667,2370.363095,788.1666667,665.006746,944.1666667,822.1375,83.66666667,65.56666667,133.3333333,107.3486111,138,124.5333333,218.8333333,203.8666667,1,1,1,1,3.5,3.5,6,4.75,2,2,3.5,1.416666667,0,0,0,0,0,0,1,1,0,0,0,0,0.48,0.25,0.06,0.12,0.0025,0.0025,0,0.03,0.0025,0.0025
4/21/17,1699,1515.267857,2455.5,2095.543651,819.5,693.8373016,430,363.4428571,28,24.83333333,83,75.75,71.5,64.49166667,112.5,101.8333333,0,0,1,1,4,4,4,4,0,0,0,0,0,0,0,0,1,1,0,0,0,0,0,0,0.4,0.29,0.04,0.11,0.0075,0.0075,0,0.02,0.0075,0.0075
4/22/17,1541.333333,1334.417063,1558,1328.264286,915.8333333,788.5329365,332.5,286.0428571,56.33333333,50.09285714,100,88.48333333,68,62.83333333,137.5,118.3333333,0,0,0,0,2.5,2.5,5,3.5,0,0,0,0,0,0,0,0,0,0,0,0,0,0,0,0,0.44,0.25,0.06,0.12,0.0025,0.0025,0,0.03,0.0025,0.0025
4/23/17,1102.5,954.5199134,1175.5,983.6826479,1500,1273.418038,710.5,586.9532107,47.5,42.91666667,28,22.125,199,166.5630952,296,270.4047619,0,0,0,0,3,3,2,2,13,9.416666667,6,6,0,0,0,0,0,0,0,0,0,0,0,0,0.42,0.26,0,0.1,0.02,0.02,0,0.06,0.02,0.02
4/24/17,1190.5,1050.269481,1589,1312.297024,993,834.135101,517,426.5006674,55.5,48.28333333,123,106.2625,97.5,84.05681818,159,145.4450758,1,1,1,1,5,5,13,13,3.5,3.5,1,1,0,0,0,0,4,4,3,2.25,0,0,0,0,0.42,0.26,0,0.1,0.02,0.02,0,0.06,0.02,0.02
4/25/17,1751.333333,1554.759921,1721.916667,1429.082143,621.5,532.4337302,295.5833333,246.7869048,119,104.5333333,163.75,133.95,150.3333333,141.3373016,274.5833333,248.7833333,3,3,2,2,1,1,1,1,2,2,4,2.333333333,0,0,0,0,0,0,1,1,0,0,0,0,0.45,0.29,0.05,0.1,0.0025,0.0025,0,0.03,0.0025,0.0025
4/26/17,1779,1501.899603,1880,1528.480952,705.5,564.6202381,358.5,300.5575397,171,159.15,34,26.05,182.5,162.6666667,254.5,227.2416667,26,23.5,6,5.5,5,5,1,0.5,3,2.25,2,2,0,0,0,0,7,6.333333333,3,2.25,0,0,0,0,0.42,0.31,0.04,0.1,0.0275,0.0275,0,0.04,0.0275,0.0275
4/27/17,1821.833333,1647.347222,1941,1676.331746,634.3333333,540.2869048,548,452.9551587,128.5,113.8111111,33,29.25,55.33333333,50.33333333,64,56.18452381,14,12.5,1,1,2,2,3,2,3,2.5,0,0,0,0,0,0,3,2.5,3,3,0,0,0,0,0.44,0.31,0.04,0.11,0.005,0.005,0,0.02,0.005,0.005
4/28/17,1502.5,1348.854762,2503,2127.780952,417,340.8809524,479.5,394.5666667,38.5,36.33333333,41,37.58333333,31.5,28.33333333,71,64.66666667,4,3.5,0,0,1,1,8,7,0,0,0,0,0,0,0,0,0,0,0,0,0,0,1,0.5,0.44,0.28,0.03,0.09,0.01,0.01,0,0.04,0.01,0.01
4/29/17,1489.5,1255.271429,1950,1612.397619,878.5,725.9369048,273,230.5797619,44,35.46428571,75,62.83333333,50,46,40.5,35.76666667,4,3.5,0,0,3.5,3.25,2,2,1,1,0,0,0,0,0,0,1,1,0,0,0,0,0,0,0.44,0.28,0.03,0.09,0.01,0.01,0,0.04,0.01,0.01
4/30/17,2322.5,1859.613183,3429.166667,2759.087451,494.5,394.3664183,302.1666667,246.0214036,20.5,18.33333333,46.5,40.61111111,145,117.1004329,117.1666667,102.8666667,3,3,1,0.5,0,0,3,3,5,5,3,3,0,0,0,0,0,0,0.5,0.5,0,0,0,0,0.44,0.28,0.03,0.09,0.01,0.01,0,0.04,0.01,0.01
5/1/17,2186.5,1878.396825,2597.166667,2206.79127,484.5,373.0440476,234.3333333,196.9150794,28.5,22.83333333,47.33333333,42.49166667,63.5,55.83333333,57.16666667,51.19444444,1,1,1,1,1,1,1,1,0,0,2,1.5,0,0,0,0,1,1,0,0,0,0,0,0,0.44,0.28,0.03,0.09,0.01,0.01,0,0.04,0.01,0.01
5/2/17,2112,1770.865018,3486.333333,2884.666682,651,543.5601954,412.3333333,342.7116758,30,26.25,59.5,51.08333333,29,26.08333333,19.83333333,17.7797619,1,1,0,0,3,3,2,2,10,10,1,1,0,0,0,0,0,0,4,4,0,0,0,0,0.44,0.28,0.03,0.09,0.01,0.01,0,0.04,0.01,0.01
5/3/17,3367,2831.816468,5350,4320.518254,399,304.2571429,653,511.1638889,59,52.17916667,82,71.23611111,156.5,132.5333333,427.5,362.7956349,4,4,0,0,2,2,3,2.5,1,1,0,0,0,0,0,0,1,1,8,7,0,0,0,0,0.46,0.31,0.03,0.09,0.0375,0.0375,0,0.03,0.0375,0.0375
5/4/17,2029.833333,1760.296429,3456.5,2989.336905,403.3333333,325.4547619,382.5,312.4345238,44,37.95833333,102,90.5,39.33333333,36.83333333,71,65.41666667,0,0,1,0.166666667,4,4,12,11.14285714,62,50.08333333,83.5,66.37619048,0,0,0,0,0,0,1,1,0,0,0,0,0.47,0.28,0.05,0.11,0.0025,0.0025,0,0.02,0.0025,0.0025
5/5/17,1053,946.675,1185.5,1078.225,704,615.55,633.5,579.55,127,118.2333333,117.5,109.9166667,56.5,51.5,33.5,30.83333333,5,4,2,2,1,1,1,1,24,22.5,58.5,52.01666667,0,0,0,0,0,0,0,0,0,0,0,0,0.47,0.3,0.05,0.07,0.0075,0.0075,0,0.03,0.0075,0.0075
5/6/17,1617.5,1483.604762,759.5,680.5595238,742,642.2595238,419,363.9095238,97,91.33333333,70,63.66666667,58.5,51.83333333,25,21.16666667,2,2,0,0,3,2.5,1,1,3,2.5,2.5,1.666666667,0,0,0,0,0,0,0,0,0,0,0,0,0.47,0.3,0.05,0.07,0.0075,0.0075,0,0.03,0.0075,0.0075
5/7/17,1638.5,1549.95,691,609.0666667,603,536.2,345.5,305.3666667,30.5,27.83333333,49.5,45.16666667,49,44.58333333,25,22.5,1,1,0,0,3,3,0,0,0,0,2,1.333333333,0,0,0,0,0,0,1,1,0,0,0,0,0.47,0.3,0.05,0.07,0.0075,0.0075,0,0.03,0.0075,0.0075
5/8/17,1526,1324.410714,1184.5,1022.87868,823.5,687.2375541,590.1666667,528.6087662,38,34.97619048,35,31.77142857,133.5,109.9166667,121.8333333,110.45,14.5,13.5,2,1.25,3.5,3.5,1,1,2.5,2.5,0,0,0,0,0,0,0,0,0,0,0,0,0,0,0.47,0.3,0.05,0.07,0.0075,0.0075,0,0.03,0.0075,0.0075
5/9/17,2481,2138.281548,2410.333333,2081.905952,1353.833333,1134.948214,804.8333333,669.8392857,10.33333333,10.33333333,13.5,13,140.3333333,127.325,52.33333333,47.11666667,5,4,0,0,4,4,0,0,0,0,2,2,0,0,0,0,0.5,0.25,0,0,0,0,0,0,0.46,0.3,0.06,0.11,0.0025,0.0025,0,0.02,0.0025,0.0025
5/10/17,1833.5,1630.067857,1917,1641.815873,1077.5,933.8511905,606,517.5706349,46.5,41.41666667,55.5,49.83333333,74.5,68.41666667,91.5,85.52777778,12,12,3,3,2,2,4,3.5,1,1,0,0,0,0,0,0,0,0,0,0,0,0,0,0,0.46,0.32,0.05,0.08,0.035,0.035,0,0.04,0.035,0.035
5/11/17,1521.5,1303.822727,1584,1360.467749,846.5,729.1142857,712.5,624.7619048,62.5,52.41666667,98.5,84.16666667,72.5,65.75,24,22.5,0,0,3,3,9,9,1,1,2,2,1,1,0,0,0,0,0,0,0,0,0,0,0,0,0.49,0.31,0.05,0.09,0.0025,0.0025,0,0.02,0.0025,0.0025
5/12/17,1199.5,1013.017338,2434.833333,2078.725122,961,777.9634921,953.3333333,797.3583333,37,35.08333333,88,74.90238095,89,83.11666667,8.833333333,8.333333333,0,0,0,0,20.5,18,12,11.5,0,0,0,0,0,0,0,0,0,0,0,0,1,1,0,0,0.48,0.3,0.04,0.08,0.01,0.01,0,0.02,0.01,0.01
5/13/17,1583,1361.780952,2006,1685.14881,732.5,593.1345238,676,580.1761905,46,42.5,117.5,100.45,57,51.33333333,14,12.83333333,3,3,1,0.166666667,7,6.5,4,3.333333333,4,3.5,4,3.142857143,0,0,0,0,1,1,0,0,0,0,0,0,0.48,0.3,0.04,0.08,0.01,0.01,0,0.02,0.01,0.01
5/14/17,1621.333333,1474.1,1104.166667,970.5833333,681.8333333,603.95,744.6666667,656.4,136,119.8666667,201.1666667,177.4333333,21.83333333,21.5,21,18.83333333,12,10.83333333,16,15.5,3,2.5,6,5.5,4,4,2,2,0,0,0,0,0,0,0,0,0,0,0,0,0.48,0.3,0.04,0.08,0.01,0.01,0,0.02,0.01,0.01
5/15/17,4327.5,3865.801494,3689,2882.095968,1555.166667,1195.222032,895.5,702.4074897,103.5,85.0452381,159,132.9916667,82.5,69.7,36.33333333,31.40277778,18,15,14,12.5,3,1.833333333,8,7.5,14.5,14,8,7.5,0,0,0,0,1,1,0,0,0,0,0,0,0.49,0.34,0.06,0.07,0,0,0,0.03,0,0
5/16/17,2454,2272.792659,1634,1381.076984,1662.5,1405.96369,745.5,630.8,53,48,51.5,47.08333333,74.5,67.16666667,42,33.86666667,8,7.5,3,2.5,11,11,18,16.75,15,12.16666667,39,35.33333333,0,0,0,0,0,0,0,0,0,0,0,0,0.45,0.32,0.05,0.08,0.0025,0.0025,0,0.02,0.0025,0.0025
5/17/17,1401.666667,1224.517172,1580.5,1378.737121,675.1666667,568.5591631,645.5,572.0789683,27,22.33333333,28,25,265.1666667,231.25,165,136.7575758,5,4,1,1,18,18,16,15,21,18.83333333,19,14.93333333,0,0,0,0,0,0,0,0,0,0,0,0,0.46,0.34,0.04,0.07,0.03,0.03,0,0.02,0.03,0.03
5/18/17,3664.333333,3075.488492,2743.083333,2233.688889,579.8333333,474.6678571,686.0833333,620.447619,528.0833333,396.9136905,127,98.39166667,386.9166667,328.3,278.8333333,241.95,8,6.25,3,3,7,7,6.5,6.5,128.8333333,107.9220238,89.5,66.4797619,0,0,0,0,0,0,0,0,0,0,0,0,0.44,0.35,0.05,0.09,0.0025,0.0025,0,0.02,0.0025,0.0025
5/19/17,2195.5,1900.366667,2073.5,1716.889286,745.5,612.8107143,627,540.5083333,274.3333333,230.675,83.5,69.79166667,76.83333333,71.58333333,68,61.16666667,4,4,10,8.833333333,5,5,6,6,25.83333333,22.875,63,58.5,0,0,0,0,0,0,0,0,0,0,0,0,0.46,0.34,0.04,0.08,0.0075,0.0075,0,0.01,0.0075,0.0075
5/20/17,2323,1972.133333,2219.5,1792.084524,2283,1843.45,1242,1082.24881,35,28.16666667,38,33.33333333,47.5,41.08333333,24,20.75,0,0,4,4,6.5,6.25,3,3,1,1,6.5,6.5,0,0,0,0,7,7,0,0,0,0,0,0,0.46,0.34,0.04,0.08,0.0075,0.0075,0,0.01,0.0075,0.0075
5/21/17,2621.5,2376.583333,1955.5,1628.808333,1736.5,1498.991667,1357,1167.891667,122,106.15,313,258.4166667,71.5,62.875,95,81.03333333,1,1,13.5,13,9,9,3.5,2.75,2,2,2,2,0,0,0,0,3,2.5,0,0,0,0,0,0,0.46,0.34,0.04,0.08,0.0075,0.0075,0,0.01,0.0075,0.0075
5/22/17,6227.333333,4876.809593,6220,4724.097419,1742.333333,1345.370754,1150.833333,913.1650724,118.5,98.8484127,276.3333333,230.7857143,40.33333333,28.04722222,85.83333333,70.26785714,12.5,11.29545455,9.5,8.5,14.5,12.45833333,8.5,6.354166667,0,0,1.5,1.5,0,0,0,0,1,0.5,0,0,0,0,0,0,0.46,0.34,0.04,0.08,0.0075,0.0075,0,0.01,0.0075,0.0075
5/23/17,1587.833333,1462.078571,6496.5,6097.361905,444.6666667,398.1666667,590.8333333,519.0178571,38,34.75,54.83333333,49.35,16.66666667,15.5,55.83333333,49.85833333,2.5,2.5,2,2,11,10.5,15.5,13.25,1.5,1.5,1,1,0,0,0,0,2.333333333,2.166666667,0,0,0,0,0,0,0.48,0.29,0.05,0.1,0.0025,0.0025,0,0.02,0.0025,0.0025
5/24/17,2332.5,1851.347258,5731.5,4484.239538,412,308.3642857,1112.5,843.0534632,20,18,63.5,54.83333333,3,2.5,37,31.7,2,2,5,4.25,38,32.83333333,7.5,6.833333333,0,0,1,1,0,0,0,0,0,0,0.5,0.045454545,0,0,0,0,0.43,0.38,0.05,0.1,0,0,0,0.01,0,0
5/25/17,2666,2251.354672,5889,4728.106006,616,475.4430916,1094,885.3045635,9,8.5,30,29,21.5,19.25,32,27.125,0.5,0.166666667,0,0,24.5,23.5,1.5,1.5,5,4.5,6,5.25,0,0,0,0,0,0,0,0,0,0,0,0,0.43,0.36,0.04,0.09,0.0025,0.0025,0,0.02,0.0025,0.0025
5/26/17,2019.5,1624.976578,3504.5,2741.294986,2546.5,1813.59669,3559,2714.276218,15.5,12.41666667,73,62.9,34.5,28.41666667,151.5,121.2376714,6,5.333333333,9.5,9.5,21.5,17.84285714,8,6.375,6,6,3,1.833333333,0,0,0,0,1,1,0,0,0,0,0,0,0.43,0.37,0.02,0.08,0.01,0.01,0,0.01,0.01,0.01
5/27/17,1838.833333,1494.473611,3069.333333,2536.094444,2091.833333,1759.487897,2061.333333,1668.719048,41.83333333,35.33333333,36.5,30.75,20.5,18,60.33333333,50.625,1,1,3,3,19,15.75,7,6.266666667,2.5,1.5,1,1,0,0,0,0,0,0,0,0,0,0,0,0,0.43,0.37,0.02,0.08,0.01,0.01,0,0.01,0.01,0.01
5/28/17,2051.833333,1635.015882,3596.833333,2914.204573,2024.833333,1647.595806,1569.333333,1235.27914,268.8333333,220.9428571,179.6666667,147.5242424,3,3,9.166666667,6.75,0,0,7,5.75,75,53.1875,11.5,9.5,2,0.833333333,7,4.416666667,0,0,0,0,0,0,0,0,2,2,0,0,0.43,0.37,0.02,0.08,0.01,0.01,0,0.01,0.01,0.01
5/29/17,6590.833333,5039.465632,7703.833333,5980.175591,3714.833333,2779.911737,2005.833333,1545.304208,209.8333333,161.8698773,104.3333333,81.397558,11,7.366666667,14,11.83333333,1,1,25,23.33333333,45,38.19444444,84.5,52.98095238,8,7.5,2,1.166666667,0,0,0,0,1,1,0,0,0,0,1,0.5,0.43,0.37,0.02,0.08,0.01,0.01,0,0.01,0.01,0.01
5/30/17,3741.833333,2958.123092,5272.666667,4126.205983,2712.833333,2089.134875,2165.166667,1750.064225,177,145.2261905,125.8333333,101.5595238,32.33333333,27.20833333,9.333333333,8.166666667,8,8,0,0,12,10.75,3,3,8,7,4,3,0,0,0,0,12,8.561111111,0,0,0,0,0,0,0.42,0.39,0.04,0.07,0.0025,0.0025,0,0.02,0.0025,0.0025
5/31/17,6672.833333,5203.038624,10239.66667,7931.216402,3054.333333,2306.060725,2236.166667,1614.876748,116.5,90.78333333,89,67.93571429,1257.333333,1048.876898,463.6666667,372.1773199,7,7,8,6.2,10,8.5,38,34.5,270,222.2532828,133.5,105.3809524,0,0,0,0,2,1.2,3,2,0,0,0,0,0.48,0.28,0.06,0.07,0.005,0.005,0,0.03,0.005,0.005
6/1/17,5296.666667,4405.010786,6585.333333,5360.320455,1871.666667,1516.41811,1424,1112.162716,124,100.8309524,55,46,693.8333333,606.2051948,453.5,370.6017857,6,6,14,12,9,6.75,5,5,37,30.7,21,17.5,0,0,0,0,1,0.5,1,1,0,0,0,0,0.48,0.28,0.06,0.07,0.005,0.005,0,0.03,0.005,0.005
6/2/17,5929,4441.256597,8938.333333,6619.559168,2777.5,2031.841135,2264.666667,1701.655202,144.5,113.225,173.3333333,138.2142857,176,144.1777778,234.6666667,189.4041667,6,5.333333333,3,3,7.5,6.25,10,7.666666667,1.5,1.5,7,5.916666667,0,0,0,0,1,1,0,0,0,0,0,0,0.48,0.28,0.06,0.07,0.005,0.005,0,0.03,0.005,0.005
6/3/17,3849.75,3077.637266,5086.5,4133.73824,1871.25,1451.133622,1712.5,1383.852778,88.25,73.31666667,65.5,54.35,29.75,25.2297619,33.5,29.2,1,1,3,3,3,3,7.5,6.458333333,0,0,4.5,2.083333333,0,0,0,0,5,5,0,0,0,0,0,0,0.4,0.39,0.04,0.08,0.0025,0.0025,0,0.05,0.0025,0.0025
6/4/17,8505,7001.626948,19333.5,15797.76142,2015.5,1505.357055,3443,2619.751007,42.5,36.125,42,32.9,29.5,24.72619048,188,161.3357143,1,1,3,3,3,3,17.5,16.33333333,5,4.5,3.5,3,0,0,0,0,3,3,2,0.583333333,0,0,0,0,0.43,0.36,0.05,0.08,0.0025,0.0025,0,0.02,0.0025,0.0025
6/5/17,6428.333333,4932.065606,17512.83333,13306.20268,3070.333333,2217.040757,3209.833333,2368.515637,130,94.33809524,147.3333333,106.6890873,200.3333333,149.2990079,184,150.4741332,2,2,7,6.25,7,6.5,14,12,2,1.333333333,1,0.166666667,0,0,0,0,1,0.125,1,1,0,0,0,0,0.44,0.34,0.04,0.09,0.0025,0.0025,0,0.02,0.0025,0.0025
6/6/17,4119.833333,3271.354002,10251,8270.183544,2677.333333,2019.037918,2233,1730.936106,186,150.6166667,324,252.0269841,116.3333333,99.47619048,67.5,56.95833333,4,2.833333333,4,3,6,5.5,8,7.076923077,2,2,4,4,0,0,0,0,0,0,0,0,0,0,0,0,0.46,0.34,0.05,0.07,0.0025,0.0025,0,0.02,0.0025,0.0025
6/7/17,4717,3726.492458,12366.33333,10135.14871,4469.5,3485.538512,5042.333333,4114.938971,190,146.4916667,169.8333333,128.1535714,63.5,52.90277778,34.5,29.58333333,2,2,0,0,8.5,7.5,4,4,3,3,3.5,3.25,0,0,0,0,3,3,1,1,0,0,0,0,0.46,0.34,0.05,0.07,0.0025,0.0025,0,0.02,0.0025,0.0025